id,name
MESH_D006177,Gynecomastia
MESH_D007248,"Infertility, Male"
MESH_D008661,"Metabolism, Inborn Errors"
MESH_D058489,"46, XX Disorders of Sex Development"
MESH_D013724,Teratoma
MESH_D018335,Rhabdoid Tumor
MESH_D009220,Myositis
MESH_D003320,Corneal Ulcer
MESH_D003607,Dacryocystitis
MESH_D004535,Ehlers-Danlos Syndrome
MESH_D020158,"Hyperglycinemia, Nonketotic"
MESH_D003409,Congenital Hypothyroidism
MESH_D005534,Foot Diseases
MESH_D000072656,Breast Cancer Lymphedema
MESH_D006394,Hemangiosarcoma
MESH_D008579,Meningioma
MESH_D019574,Optic Nerve Neoplasms
MESH_D018250,Acrospiroma
MESH_D057091,Poroma
MESH_D018981,Congenital Disorders of Glycosylation
MESH_D012983,Soft Tissue Neoplasms
MESH_D018214,"Fibroma, Ossifying"
MESH_D000236,Adenoma
MESH_D001943,Breast Neoplasms
MESH_D010212,Papilloma
MESH_D009187,Myelitis
MESH_D009468,Neuromuscular Diseases
MESH_D020805,Central Nervous System Viral Diseases
MESH_D000080869,Jugular Foramina
MESH_D003389,Cranial Nerve Diseases
MESH_D001327,Autoimmune Diseases
MESH_D009771,Obsessive-Compulsive Disorder
MESH_D011596,Psychomotor Disorders
MESH_D015783,Aniridia
MESH_D012878,Skin Neoplasms
MESH_D018294,"Neoplasms, Adnexal and Skin Appendage"
MESH_D007153,Immunologic Deficiency Syndromes
MESH_D005393,Fish Diseases
MESH_D000562,Amebiasis
MESH_D005512,Food Hypersensitivity
MESH_D006349,Heart Valve Diseases
MESH_D006330,"Heart Defects, Congenital"
MESH_D008172,"Lung Diseases, Fungal"
MESH_D020096,Zygomycosis
MESH_D012874,"Skin Diseases, Infectious"
MESH_D008414,"Mastitis, Bovine"
MESH_D006229,Hand Dermatoses
MESH_D014005,Tinea
MESH_D005148,Facial Dermatoses
MESH_D002177,Candidiasis
MESH_D009181,Mycoses
MESH_D000072742,Invasive Fungal Infections
MESH_D006402,Hematologic Diseases
MESH_D009091,Mucormycosis
MESH_D001228,Aspergillosis
MESH_D016921,"Meningitis, Fungal"
MESH_D018352,Coronavirus Infections
MESH_D011024,"Pneumonia, Viral"
MESH_D058873,Pandemics
MESH_D002908,Chronic Disease
MESH_D016638,Critical Illness
MESH_D016908,Gram-Positive Bacterial Infections
MESH_D018746,Systemic Inflammatory Response Syndrome
MESH_D000052,Acanthosis Nigricans
MESH_D000130,Achondroplasia
MESH_D000172,Acromegaly
MESH_D000270,Adie Syndrome
MESH_D000377,Agnosia
MESH_D038261,Alexander Disease
MESH_D000506,Alopecia Areata
MESH_D000652,Amniotic Band Syndrome
MESH_D017772,Amyloid Neuropathies
MESH_D000690,Amyotrophic Lateral Sclerosis
MESH_D017204,Angelman Syndrome
MESH_D000881,Anthrax
MESH_D017192,"Skin Diseases, Bacterial"
MESH_D016736,Antiphospholipid Syndrome
MESH_D028921,Biotinidase Deficiency
MESH_D053840,Brugada Syndrome
MESH_D002054,Burning Mouth Syndrome
MESH_D002095,Byssinosis
MESH_D046589,CADASIL
MESH_D016767,Caroli Disease
MESH_D002609,Chediak-Higashi Syndrome
MESH_D018902,"Chondrodysplasia Punctata, Rhizomelic"
MESH_D003483,Cutis Laxa
MESH_D003551,Cysticercosis
MESH_D003555,Cystinuria
MESH_D054067,Dihydropyrimidine Dehydrogenase Deficiency
MESH_D004806,Ependymoma
MESH_D005776,Gaucher Disease
MESH_D055652,Gray Platelet Syndrome
MESH_D006373,Helminthiasis
MESH_D007411,"Intestinal Diseases, Parasitic"
MESH_D006445,Hemoglobin C Disease
MESH_D006463,Hemolytic-Uremic Syndrome
MESH_D007184,Incontinentia Pigmenti
MESH_D007638,Keratoconjunctivitis Sicca
MESH_D007640,Keratoconus
MESH_D020363,Limbic Encephalitis
MESH_D054221,Classical Lissencephalies and Subcortical Band Heterotopias
MESH_D061085,Agenesis of Corpus Callosum
MESH_D055947,Loeys-Dietz Syndrome
MESH_D008288,Malaria
MESH_D008305,Malignant Hyperthermia
MESH_D008382,Marfan Syndrome
MESH_D007691,Medullary Sponge Kidney
MESH_D020331,Mobius Syndrome
MESH_D012868,Skin Abnormalities
MESH_D009397,Nephrocalcinosis
MESH_D009625,Noma
MESH_D000474,Alkaptonuria
MESH_D009794,Ochronosis
MESH_D054971,Orthostatic Intolerance
MESH_D015864,Panuveitis
MESH_D010229,Paracoccidioidomycosis
MESH_D015868,Pars Planitis
MESH_D010190,Pancreatic Neoplasms
MESH_D010874,Pinta
MESH_D012585,Sciatica
MESH_D055958,Piriformis Muscle Syndrome
MESH_D010916,Pityriasis Rubra Pilaris
MESH_D011317,Priapism
MESH_D011559,Pseudotumor Cerebri
MESH_D007018,Hypopituitarism
MESH_D025962,Septo-Optic Dysplasia
MESH_D016511,Severe Combined Immunodeficiency
MESH_D000361,Agammaglobulinemia
MESH_D016905,Gram-Negative Bacterial Infections
MESH_D020333,Tolosa-Hunt Syndrome
MESH_D014120,Toxocariasis
MESH_D004933,Esophageal Atresia
MESH_D014138,Tracheoesophageal Fistula
MESH_D018785,Tricuspid Atresia
MESH_D014496,Urachal Cyst
MESH_D014842,von Willebrand Diseases
MESH_D014855,Wallerian Degeneration
MESH_D008061,Whipple Disease
MESH_D015223,Wolman Disease
MESH_D015211,Zellweger Syndrome
MESH_D005198,Fanconi Syndrome
MESH_D003920,Diabetes Mellitus
MESH_D010024,Osteoporosis
MESH_D012516,Osteosarcoma
MESH_D000015,"Abnormalities, Multiple"
MESH_D002386,Cataract
MESH_D006130,Growth Disorders
MESH_D016649,Primary Ovarian Insufficiency
MESH_D003704,Dementia
MESH_D002389,Catatonia
MESH_D038901,"Mental Retardation, X-Linked"
MESH_D019465,Craniofacial Abnormalities
MESH_D020293,"Vasculitis, Central Nervous System"
MESH_D007619,Kartagener Syndrome
MESH_D047748,Pituitary ACTH Hypersecretion
MESH_D040181,"Genetic Diseases, X-Linked"
MESH_D001848,"Bone Diseases, Developmental"
MESH_D006849,Hydrocephalus
MESH_D007021,Hypospadias
MESH_D002972,Cleft Palate
MESH_D005094,Exophthalmos
MESH_D008831,Microcephaly
MESH_D010026,Osteosclerosis
MESH_D002114,Calcinosis
MESH_D001927,Brain Diseases
MESH_D006819,Hyaline Membrane Disease
MESH_D007511,Ischemia
MESH_D012164,Retinal Diseases
MESH_D013580,Synostosis
MESH_D004827,Epilepsy
MESH_D008607,Intellectual Disability
MESH_D002636,Cherubism
MESH_D005351,"Fibromatosis, Gingival"
MESH_D006983,Hypertrichosis
MESH_D003638,Deafness
MESH_D004374,"Ductus Arteriosus, Patent"
MESH_D019066,Facies
MESH_D002527,Myoclonic Cerebellar Dyssynergia
MESH_D004392,Dwarfism
MESH_D006344,"Heart Septal Defects, Atrial"
MESH_D011038,Rothmund-Thomson Syndrome
MESH_D017880,"Limb Deformities, Congenital"
MESH_D002971,Cleft Lip
MESH_D004476,Ectodermal Dysplasia
MESH_D004660,Encephalitis
MESH_D007249,Inflammation
MESH_D001176,Arthrogryposis
MESH_D005317,Fetal Growth Retardation
MESH_D005532,"Foot Deformities, Congenital"
MESH_D006390,Hemangioendothelioma
MESH_D034381,Hearing Loss
MESH_D001259,Ataxia
MESH_D025063,Chromosome Disorders
MESH_D030361,Papillomavirus Infections
MESH_D012141,Respiratory Tract Infections
MESH_D006461,Hemolysis
MESH_D000745,"Anemia, Hemolytic, Congenital"
MESH_D003872,Dermatitis
MESH_D012912,Sneezing
MESH_D002607,Charcot-Marie-Tooth Disease
MESH_D017449,"Dermatitis, Allergic Contact"
MESH_D020739,"Brain Diseases, Metabolic, Inborn"
MESH_D000592,"Amino Acid Metabolism, Inborn Errors"
MESH_D056806,"Urea Cycle Disorders, Inborn"
MESH_D002819,Chorea
MESH_D009896,Optic Atrophy
MESH_D015419,"Spastic Paraplegia, Hereditary"
MESH_D003616,Dandy-Walker Syndrome
MESH_D009123,Muscle Hypotonia
MESH_D007410,Intestinal Diseases
MESH_D003884,Dermoid Cyst
MESH_D023961,"Gonadal Dysgenesis, 46,XX"
MESH_D014997,XYY Karyotype
MESH_D025064,Sex Chromosome Disorders
MESH_D012729,Sex Chromosome Aberrations
MESH_D014314,Trisomy
MESH_D058533,Sex Chromosome Disorders of Sex Development
MESH_D000782,Aneuploidy
MESH_D000748,"Anemia, Macrocytic"
MESH_D002872,Chromosome Deletion
MESH_D010661,Phenylketonurias
MESH_D038061,"Lower Extremity Deformities, Congenital"
MESH_D038062,"Upper Extremity Deformities, Congenital"
MESH_D004890,Erythema
MESH_D009260,Nail Diseases
MESH_D050171,Dyslipidemias
MESH_D002779,Cholestasis
MESH_D008209,Lymphedema
MESH_D006228,"Hand Deformities, Congenital"
MESH_D003286,Contracture
MESH_D014849,Waardenburg Syndrome
MESH_D003554,Cystinosis
MESH_D000505,Alopecia
MESH_D012594,"Scleroderma, Localized"
MESH_D008850,Microphthalmos
MESH_D010855,Pierre Robin Syndrome
MESH_D005158,Facial Paralysis
MESH_D002524,Cerebellar Ataxia
MESH_D006319,"Hearing Loss, Sensorineural"
MESH_D012021,"Reflex, Abnormal"
MESH_D002526,Cerebellar Diseases
MESH_D009410,Nerve Degeneration
MESH_D001932,Brain Neoplasms
MESH_D001254,Astrocytoma
MESH_D003317,"Corneal Dystrophies, Hereditary"
MESH_D015862,Choroid Diseases
MESH_D012303,Ring Chromosomes
MESH_D000848,Anodontia
MESH_D007634,Keratitis
MESH_D010014,Osteolysis
MESH_D017495,Hyperpigmentation
MESH_D005097,"Exostoses, Multiple Hereditary"
MESH_D002828,Choristoma
MESH_D003316,Corneal Diseases
MESH_D006552,"Hernia, Inguinal"
MESH_D051437,Renal Insufficiency
MESH_D054062,Deaf-Blind Disorders
MESH_D006685,Hoarseness
MESH_D007818,Laryngeal Diseases
MESH_D015618,"Histiocytosis, Sinus"
MESH_D010013,Osteogenesis Imperfecta
MESH_D002806,Chondrodysplasia Punctata
MESH_D014811,Vitamin E Deficiency
MESH_D010009,Osteochondrodysplasias
MESH_D009421,Nervous System Malformations
MESH_D015835,Ocular Motility Disorders
MESH_D005687,Galactorrhea
MESH_D006966,Hyperprolactinemia
MESH_D020138,Hyperhomocysteinemia
MESH_D005901,Glaucoma
MESH_D020151,Protein C Deficiency
MESH_D001764,Blepharospasm
MESH_D015418,"Optic Atrophies, Hereditary"
MESH_D059327,Brachydactyly
MESH_D049288,"Muscular Dystrophies, Limb-Girdle"
MESH_D054119,Arachnodactyly
MESH_D013610,Tachycardia
MESH_D009668,Nose Diseases
MESH_D043202,"Steroid Metabolism, Inborn Errors"
MESH_D002780,"Cholestasis, Intrahepatic"
MESH_D018901,Peroxisomal Disorders
MESH_D006201,Hair Diseases
MESH_D008844,Micrognathism
MESH_D009667,"Nose Deformities, Acquired"
MESH_D011371,Progeria
MESH_D024182,Uniparental Disomy
MESH_D014178,"Translocation, Genetic"
MESH_D010019,Osteomyelitis
MESH_D007006,Hypogonadism
MESH_D020512,"Myopathy, Central Core"
MESH_D016080,Arachnoid Cysts
MESH_D006995,Hypobetalipoproteinemias
MESH_D008286,Malabsorption Syndromes
MESH_D012174,Retinitis Pigmentosa
MESH_D020936,"Epilepsy, Benign Neonatal"
MESH_D012628,"Dermatitis, Seborrheic"
MESH_D012640,Seizures
MESH_D046349,"Coproporphyria, Hereditary"
MESH_D007888,Leigh Disease
MESH_D056693,Propionic Acidemia
MESH_D005642,Fuchs' Endothelial Dystrophy
MESH_D013132,Spinocerebellar Degenerations
MESH_D055952,Cogan Syndrome
MESH_D028226,"Amyloidosis, Familial"
MESH_D012857,Situs Inversus
MESH_D003394,Craniofacial Dysostosis
MESH_D016110,Epidermolysis Bullosa Simplex
MESH_D004820,Epidermolysis Bullosa
MESH_D016108,Epidermolysis Bullosa Dystrophica
MESH_D004406,Dysgammaglobulinemia
MESH_D013684,Telangiectasis
MESH_D004421,Dystonia
MESH_D019305,"Epilepsy, Rolandic"
MESH_D020821,Dystonic Disorders
MESH_D065768,Lennox Gastaut Syndrome
MESH_D009759,"Nystagmus, Pathologic"
MESH_D016116,Piebaldism
MESH_D018366,"Vasculitis, Leukocytoclastic, Cutaneous"
MESH_D004893,Erythema Nodosum
MESH_D003873,"Dermatitis, Exfoliative"
MESH_D010859,Pigmentation Disorders
MESH_D009386,"Neoplastic Syndromes, Hereditary"
MESH_D014594,Uterine Neoplasms
MESH_D018231,Leiomyomatosis
MESH_D012035,Refsum Disease
MESH_D006529,Hepatomegaly
MESH_D010004,"Osteoarthropathy, Primary Hypertrophic"
MESH_D003924,"Diabetes Mellitus, Type 2"
MESH_D002493,Centrala nervsystemets sjukdomar
MESH_D002493,Central Nervous System Diseases
MESH_D002493,Choroby OUN
MESH_D002493,Doenças do Sistema Nervoso Central
MESH_D002493,Enfermedades del Sistema Nervioso Central
MESH_D002493,Keskushermoston sairaudet
MESH_D002493,Maladie du système nerveux central
MESH_D002493,Malattie del sistema nervoso centrale
MESH_D002493,nemoci centrálního nervového systému
MESH_D002493,"SREDIŠNJI ŽIVČANI SUSTAV, BOLESTI"
MESH_D002493,Sykdommer i sentralnervesystemet
MESH_D002493,НЕРВНОЙ СИСТЕМЫ ЦЕНТРАЛЬНОЙ БОЛЕЗНИ
MESH_D002493,中枢神経系疾患
MESH_D002493,Zentralnervensystemkrankheiten
MESH_D002493,"Ziekte, centraalzenuwstelsel-"
MESH_D052177,"Kidney Diseases, Cystic"
MESH_D020820,Dyskinesias
MESH_D053578,Opsoclonus-Myoclonus Syndrome
MESH_D029461,Sialic Acid Storage Disease
MESH_D009165,"Mycobacterium Infections, Nontuberculous"
MESH_D003251,"Constriction, Pathologic"
MESH_D007674,Kidney Diseases
MESH_D014777,Virus Diseases
MESH_D007405,Intervertebral Disc Displacement
MESH_D055959,Intervertebral Disc Degeneration
MESH_D005124,Eye Abnormalities
MESH_D007499,Iris Diseases
MESH_D014071,Tooth Abnormalities
MESH_D000014,"Abnormalities, Drug-Induced"
MESH_D065817,Congenital Microtia
MESH_D013921,Thrombocytopenia
MESH_D001006,"Anus, Imperforate"
MESH_D006312,"Hearing Loss, Bilateral"
MESH_D009886,Ophthalmoplegia
MESH_D005530,Foot Deformities
MESH_D001745,Urinary Bladder Diseases
MESH_D008068,Lipomatosis
MESH_D010392,Pemphigus
MESH_D010236,"Paraganglioma, Extra-Adrenal"
MESH_D012186,Retroperitoneal Neoplasms
MESH_D018191,"Lymphangioma, Cystic"
MESH_D024821,Metabolic Syndrome
MESH_D018376,Cardiovascular Abnormalities
MESH_D008265,Macrostomia
MESH_D006106,Granulosa Cell Tumor
MESH_D006314,"Hearing Loss, Conductive"
MESH_D019767,Maxillofacial Abnormalities
MESH_D009139,Musculoskeletal Abnormalities
MESH_D004480,Ectromelia
MESH_D017689,Polydactyly
MESH_D000013,Congenital Abnormalities
MESH_D004065,Digestive System Abnormalities
MESH_D009436,Neural Tube Defects
MESH_D011628,"Puberty, Delayed"
MESH_D006332,Cardiomegaly
MESH_D006942,Hypergammaglobulinemia
MESH_D019559,Capillary Leak Syndrome
MESH_D008945,Mitral Valve Prolapse
MESH_D009232,Myxoma
MESH_D000168,Acrocephalosyndactylia
MESH_D005183,Failure to Thrive
MESH_D009202,Cardiomyopathies
MESH_D007645,"Keratoderma, Palmoplantar"
MESH_D003095,Collagen Diseases
MESH_D003456,Cryptorchidism
MESH_D001763,Blepharoptosis
MESH_D006618,"Hip Dislocation, Congenital"
MESH_D013285,Strabismus
MESH_D007003,Hypoglycemia
MESH_D008052,"Lipid Metabolism, Inborn Errors"
MESH_D011657,Pulmonary Eosinophilia
MESH_D003398,Craniosynostoses
MESH_D001342,Autonomic Nervous System Diseases
MESH_D006059,Gonadal Dysgenesis
MESH_D001855,Bone Marrow Diseases
MESH_D020274,Autoimmune Diseases of the Nervous System
MESH_D012536,Scalp Dermatoses
MESH_D013959,Thyroid Diseases
MESH_D000568,Amenorrhea
MESH_D006627,Hirschsprung Disease
MESH_D009477,Hereditary Sensory and Autonomic Neuropathies
MESH_D003711,Demyelinating Diseases
MESH_D014897,Spinal Muscular Atrophies of Childhood
MESH_D014564,Urogenital Abnormalities
MESH_D006480,Hemorrhagic Fever with Renal Syndrome
MESH_D058494,Walker-Warburg Syndrome
MESH_D005483,Flushing
MESH_D007007,Hypohidrosis
MESH_D012166,Retinal Hemorrhage
MESH_D005736,Gardner Syndrome
MESH_D005162,Factitious Disorders
MESH_D011618,Psychotic Disorders
MESH_D017445,"Skin Diseases, Vascular"
MESH_D007873,Legg-Calve-Perthes Disease
MESH_D011183,Postoperative Complications
MESH_D008228,"Lymphoma, Non-Hodgkin"
MESH_D013274,Stomach Neoplasms
MESH_D007414,Intestinal Neoplasms
MESH_D018358,Neuroendocrine Tumors
MESH_D006972,Hypertelorism
MESH_D009216,Myopia
MESH_D010437,Peptic Ulcer
MESH_D019080,Cafe-au-Lait Spots
MESH_D003318,Corneal Opacity
MESH_D006547,Hernia
MESH_D030981,Acro-Osteolysis
MESH_D007569,Jaw Abnormalities
MESH_D000309,Adrenal Insufficiency
MESH_D002613,Cheilitis
MESH_D054969,Primary Dysautonomias
MESH_D004915,"Leukemia, Erythroblastic, Acute"
MESH_D008342,Mandibulofacial Dysostosis
MESH_D003025,Clubfoot
MESH_D015785,"Eye Diseases, Hereditary"
MESH_D009136,Muscular Dystrophies
MESH_D012600,Scoliosis
MESH_D003229,Conjunctival Diseases
MESH_D009135,Muscular Diseases
MESH_D058490,"Disorder of Sex Development, 46,XY"
MESH_D008637,Mesenchymoma
MESH_D002296,Carcinosarcoma
MESH_D009669,Nose Neoplasms
MESH_D002311,"Cardiomyopathy, Dilated"
MESH_D008060,Lipodystrophy
MESH_D008275,Magnesium Deficiency
MESH_D008375,Maple Syrup Urine Disease
MESH_D005146,Facial Asymmetry
MESH_D009134,"Muscular Atrophy, Spinal"
MESH_D015417,Hereditary Sensory and Motor Neuropathy
MESH_D004485,Eczema
MESH_D004380,Duodenal Obstruction
MESH_D007409,Intestinal Atresia
MESH_D004381,Duodenal Ulcer
MESH_D007415,Intestinal Obstruction
MESH_D001859,Bone Neoplasms
MESH_D005096,Exostoses
MESH_D007592,Joint Diseases
MESH_D007057,Ichthyosis
MESH_D013163,Splenomegaly
MESH_D012873,"Skin Diseases, Genetic"
MESH_D020389,"Muscular Dystrophy, Emery-Dreifuss"
MESH_D005128,Eye Diseases
MESH_D020752,Neurocutaneous Syndromes
MESH_D011693,Purpura
MESH_D001851,"Bone Diseases, Metabolic"
MESH_D001049,Apnea
MESH_D009157,Myasthenia Gravis
MESH_D009404,Nephrotic Syndrome
MESH_D006956,Hyperopia
MESH_D002239,"Carbohydrate Metabolism, Inborn Errors"
MESH_D009394,"Nephritis, Hereditary"
MESH_D015422,Scleral Diseases
MESH_D007011,Hypoparathyroidism
MESH_D007593,Joint Instability
MESH_D007738,Kyphosis
MESH_D001480,Basal Ganglia Diseases
MESH_D013576,Syndactyly
MESH_D055036,Campomelic Dysplasia
MESH_D013122,Spinal Diseases
MESH_D009140,Musculoskeletal Diseases
MESH_D007039,Hypotrichosis
MESH_D006628,Hirsutism
MESH_D003811,Dentinogenesis Imperfecta
MESH_D013978,Tibial Fractures
MESH_D017096,Prion Diseases
MESH_D002658,Developmental Disabilities
MESH_D015799,Gyrate Atrophy
MESH_D008664,"Metal Metabolism, Inborn Errors"
MESH_D009765,Obesity
MESH_D003103,Coloboma
MESH_D005320,Fetal Macrosomia
MESH_D058627,Megalencephaly
MESH_D012507,Sarcoidosis
MESH_D009503,Neutropenia
MESH_D019339,Port-Wine Stain
MESH_D011248,Pregnancy Complications
MESH_D011537,Pruritus
MESH_D000387,Ainhum
MESH_D000798,Angiomatosis
MESH_D001941,Breast Diseases
MESH_D006965,Hyperplasia
MESH_D006554,"Hernia, Umbilical"
MESH_D016142,Holoprosencephaly
MESH_D006976,"Hypertension, Pulmonary"
MESH_D000532,Altitude Sickness
MESH_D008591,Meningomyelocele
MESH_D002277,Carcinoma
MESH_D010182,Pancreatic Diseases
MESH_D014524,Urethral Obstruction
MESH_D050031,Hashimoto Disease
MESH_D013966,Thyroiditis
MESH_D006646,"Histiocytosis, Langerhans-Cell"
MESH_D011625,Pterygium
MESH_D020176,Tyrosinemias
MESH_D006223,"Hamartoma Syndrome, Multiple"
MESH_D004695,Endocardial Fibroelastosis
MESH_D014313,Trismus
MESH_D018324,"Hemangioma, Capillary"
MESH_D008175,Lung Neoplasms
MESH_D000081207,Primary Immunodeficiency Diseases
MESH_D005705,Gallbladder Diseases
MESH_D002280,"Carcinoma, Basal Cell"
MESH_D003490,Cyanosis
MESH_D000608,Renal Aminoacidurias
MESH_D009422,Nervous System Diseases
MESH_D010022,Osteopetrosis
MESH_D012871,Skin Diseases
MESH_D012415,Rubinstein-Taybi Syndrome
MESH_D007037,Hypothyroidism
MESH_D000857,Olfaction Disorders
MESH_D007642,Keratosis
MESH_D018370,Leukocyte-Adhesion Deficiency Syndrome
MESH_D056784,Leukoencephalopathies
MESH_D001168,Arthritis
MESH_D003092,Colitis
MESH_D017496,Hypopigmentation
MESH_D001004,Anus Diseases
MESH_D010146,Pain
MESH_D008010,Lichen Planus
MESH_D005357,Fibrous Dysplasia of Bone
MESH_D058088,Sarcoglycanopathies
MESH_D002312,"Cardiomyopathy, Hypertrophic"
MESH_D005234,Fatty Liver
MESH_D016569,Blepharophimosis
MESH_D003240,Connective Tissue Diseases
MESH_D009264,"Nails, Malformed"
MESH_D012793,Sialadenitis
MESH_D002647,Chilblains
MESH_D008178,"Lupus Erythematosus, Cutaneous"
MESH_D007767,Lacrimal Duct Obstruction
MESH_D050723,"Fractures, Bone"
MESH_D011014,Pneumonia
MESH_D002805,Chondrocalcinosis
MESH_D010003,Osteoarthritis
MESH_D009999,"Ossification, Heterotopic"
MESH_D000008,Abdominal Neoplasms
MESH_D011125,Adenomatous Polyposis Coli
MESH_D018222,"Fibromatosis, Aggressive"
MESH_D018288,"Carcinoma, Small Cell"
MESH_D003919,Diabetes Insipidus
MESH_D001928,"Brain Diseases, Metabolic"
MESH_D056735,Autoimmune Lymphoproliferative Syndrome
MESH_D004751,Enteritis
MESH_D004802,Eosinophilia
MESH_D005756,Gastritis
MESH_D005499,Folliculitis
MESH_D012872,"Skin Diseases, Vesiculobullous"
MESH_D013585,Synovitis
MESH_D016109,"Epidermolysis Bullosa, Junctional"
MESH_D056364,Colloid Cysts
MESH_D006417,Hematuria
MESH_D003123,"Colorectal Neoplasms, Hereditary Nonpolyposis"
MESH_D006343,Heart Septal Defects
MESH_D000567,Amelogenesis Imperfecta
MESH_D000312,"Adrenal Hyperplasia, Congenital"
MESH_D000080984,Congenital Bone Marrow Failure Syndromes
MESH_D052801,Male Urogenital Diseases
MESH_D006044,"Goiter, Nodular"
MESH_D007690,Polycystic Kidney Diseases
MESH_D014983,Xeroderma Pigmentosum
MESH_D006313,"Hearing Loss, Central"
MESH_D047688,Breast Cyst
MESH_D009120,Muscle Cramp
MESH_D010523,Peripheral Nervous System Diseases
MESH_D019189,Iron Metabolism Disorders
MESH_D019636,Neurodegenerative Diseases
MESH_D004931,Esophageal Achalasia
MESH_D004413,Dysostoses
MESH_D010051,Ovarian Neoplasms
MESH_D014770,Virilism
MESH_D048909,Diabetes Complications
MESH_D003117,Color Vision Defects
MESH_D029242,"Optic Atrophy, Hereditary, Leber"
MESH_D054082,Lissencephaly
MESH_D008415,Mastocytosis
MESH_D034701,"Mastocytosis, Cutaneous"
MESH_D001847,Bone Diseases
MESH_D019150,Neuroaxonal Dystrophies
MESH_D000141,"Acidosis, Renal Tubular"
MESH_D010023,Osteopoikilosis
MESH_D012598,Sclerosis
MESH_D016112,Ichthyosis Vulgaris
MESH_D011666,Pulmonary Valve Stenosis
MESH_D019871,Dyskeratosis Congenita
MESH_D012192,Retroviridae Infections
MESH_D012162,Retinal Degeneration
MESH_D006837,Hydroa Vacciniforme
MESH_D053565,Hypercalciuria
MESH_D006938,Hyperlipoproteinemia Type II
MESH_D020795,Photophobia
MESH_D020294,"Myasthenic Syndromes, Congenital"
MESH_D004198,Disease Susceptibility
MESH_D009164,Mycobacterium Infections
MESH_D007951,"Leukemia, Myeloid"
MESH_D010015,"Osteolysis, Essential"
MESH_D020385,Myokymia
MESH_D017241,MELAS Syndrome
MESH_D018979,"Myositis, Inclusion Body"
MESH_D006984,Hypertrophy
MESH_D015458,"Leukemia, T-Cell"
MESH_D049914,DNA Repair-Deficiency Disorders
MESH_D006345,"Heart Septal Defects, Ventricular"
MESH_D058495,Sotos Syndrome
MESH_D052556,"Niemann-Pick Disease, Type C"
MESH_D009755,Night Blindness
MESH_D004479,Ectopia Lentis
MESH_D029503,"Anemia, Diamond-Blackfan"
MESH_D002925,Ciliary Motility Disorders
MESH_D004677,Encephalocele
MESH_D020526,Brain Stem Infarctions
MESH_D008067,Lipoma
MESH_D009298,Nasal Polyps
MESH_D008480,Mediastinitis
MESH_D016891,"Polycystic Kidney, Autosomal Dominant"
MESH_D007418,Intestinal Pseudo-Obstruction
MESH_D005315,Fetal Diseases
MESH_D003560,Cysts
MESH_D020279,Hereditary Central Nervous System Demyelinating Diseases
MESH_D002547,Cerebral Palsy
MESH_D009395,"Nephritis, Interstitial"
MESH_D007805,Language Development Disorders
MESH_D009800,Oculocerebrorenal Syndrome
MESH_D002128,Calcium Metabolism Disorders
MESH_D008545,Melanoma
MESH_D009423,Nervous System Neoplasms
MESH_D007636,Keratoacanthoma
MESH_D010214,Papillon-Lefevre Disease
MESH_D014802,Vitamin A Deficiency
MESH_D005882,Gingival Diseases
MESH_D007644,Darier Disease
MESH_D004938,Esophageal Neoplasms
MESH_D004769,Enterovirus Infections
MESH_D002357,Cartilage Diseases
MESH_D018219,"Histiocytoma, Benign Fibrous"
MESH_D010020,Osteonecrosis
MESH_D015776,"Keratoderma, Palmoplantar, Diffuse"
MESH_D001988,Bronchiolitis
MESH_D006192,Haemophilus Infections
MESH_D001161,Arteriosclerosis
MESH_D004831,"Epilepsies, Myoclonic"
MESH_D009207,Myoclonus
MESH_D011681,Pupil Disorders
MESH_D004483,Ectropion
MESH_D020182,"Sleep Apnea, Central"
MESH_D003414,Crigler-Najjar Syndrome
MESH_D003645,"Death, Sudden"
MESH_D006945,Hyperhidrosis
MESH_D003424,Crohn Disease
MESH_D058186,Acute Kidney Injury
MESH_D003449,Cryoglobulinemia
MESH_D003731,Dental Caries
MESH_D013595,Syringomyelia
MESH_D010787,Photosensitivity Disorders
MESH_D014839,Vomiting
MESH_D017545,"Aortic Aneurysm, Thoracic"
MESH_D008594,"Menopause, Premature"
MESH_D006934,Hypercalcemia
MESH_D005770,Gastrointestinal Neoplasms
MESH_D018329,"Nevus, Blue"
MESH_D009069,Movement Disorders
MESH_D013064,Speech Disorders
MESH_D054220,Malformations of Cortical Development
MESH_D009222,Myotonia
MESH_D028361,Mitochondrial Diseases
MESH_D009085,Mucopolysaccharidosis IV
MESH_D000152,Acne Vulgaris
MESH_D001170,"Arthritis, Infectious"
MESH_D017511,Pyoderma Gangrenosum
MESH_D015324,Pyruvate Carboxylase Deficiency Disease
MESH_D000140,"Acidosis, Lactic"
MESH_D005166,Factor V Deficiency
MESH_D003970,Diastema
MESH_D009381,"Neoplasms, Radiation-Induced"
MESH_D011832,Radiation Injuries
MESH_D020516,Brachial Plexus Neuropathies
MESH_D007235,"Infant, Premature, Diseases"
MESH_D006486,Hemosiderosis
MESH_D008171,Lung Diseases
MESH_D014135,Tracheal Stenosis
MESH_D015499,"Renal Tubular Transport, Inborn Errors"
MESH_D012852,Sinusitis
MESH_D001991,Bronchitis
MESH_D012220,Rhinitis
MESH_D017098,IgA Deficiency
MESH_D011378,Prognathism
MESH_D016731,Erythema Infectiosum
MESH_D008113,Liver Neoplasms
MESH_D006391,Hemangioma
MESH_D031222,Patellar Dislocation
MESH_D058499,Retinal Dystrophies
MESH_D001171,"Arthritis, Juvenile"
MESH_D003093,"Colitis, Ulcerative"
MESH_D001929,Brain Edema
MESH_D013036,"Spasms, Infantile"
MESH_D002549,Diffuse Cerebral Sclerosis of Schilder
MESH_D054463,Trichothiodystrophy Syndromes
MESH_D010510,Periodontal Diseases
MESH_D001768,Blister
MESH_D001068,Feeding and Eating Disorders
MESH_D001845,Bone Cysts
MESH_D017044,"Polycystic Kidney, Autosomal Recessive"
MESH_D014402,Tuberous Sclerosis
MESH_D013344,Subacute Sclerosing Panencephalitis
MESH_D008107,Liver Diseases
MESH_D017180,"Tachycardia, Ventricular"
MESH_D065708,Porencephaly
MESH_D017499,Porokeratosis
MESH_D011164,Porphyrias
MESH_D012678,Sensation Disorders
MESH_D000160,Vestibulocochlear Nerve Diseases
MESH_D000799,Angioedema
MESH_D014735,Vibrio Infections
MESH_D039141,"Muscular Dystrophy, Oculopharyngeal"
MESH_D014826,Vocal Cord Paralysis
MESH_D013103,"Spherocytosis, Hereditary"
MESH_D041781,"Jaundice, Obstructive"
MESH_D000747,"Anemia, Hypochromic"
MESH_D020754,Spinocerebellar Ataxias
MESH_D000756,"Anemia, Sideroblastic"
MESH_D000757,Anencephaly
MESH_D016135,Spinal Dysraphism
MESH_D002532,Intracranial Aneurysm
MESH_D005871,Castleman Disease
MESH_D017206,Strongylida Infections
MESH_D020254,Tooth Ankylosis
MESH_D000744,"Anemia, Hemolytic, Autoimmune"
MESH_D000080345,Familial Exudative Vitreoretinopathies
MESH_D000855,Anorexia
MESH_D002100,Cachexia
MESH_D020186,Sleep Bruxism
MESH_D011507,Proteinuria
MESH_D065630,"Hernias, Diaphragmatic, Congenital"
MESH_D020391,"Muscular Dystrophy, Facioscapulohumeral"
MESH_D006467,Hemophilia A
MESH_D006432,Hemochromatosis
MESH_D006561,Herpes Simplex
MESH_D011251,"Pregnancy Complications, Infectious"
MESH_D010048,Ovarian Cysts
MESH_D020159,Citrullinemia
MESH_D009396,Wilms Tumor
MESH_D007676,"Kidney Failure, Chronic"
MESH_D006961,Hyperparathyroidism
MESH_D009401,Nephrosis
MESH_D000310,Adrenal Gland Neoplasms
MESH_D016464,Lysosomal Storage Diseases
MESH_D023981,"Sarcoma, Myeloid"
MESH_D006960,"Hyperoxaluria, Primary"
MESH_D016472,Motor Neuron Disease
MESH_D002583,Uterine Cervical Neoplasms
MESH_D004244,Dizziness
MESH_D014202,Tremor
MESH_D004427,Ear Diseases
MESH_D009133,Muscular Atrophy
MESH_D000788,"Angina Pectoris, Variant"
MESH_D009508,"Nevus, Pigmented"
MESH_D006987,Hypesthesia
MESH_D003680,Deglutition Disorders
MESH_D000230,Adenocarcinoma
MESH_D001749,Urinary Bladder Neoplasms
MESH_D006869,Hydronephrosis
MESH_D011535,Prune Belly Syndrome
MESH_D016104,Oligohydramnios
MESH_D016491,Peripheral Vascular Diseases
MESH_D014570,Urologic Diseases
MESH_D052245,Usher Syndromes
MESH_D014604,Uveal Neoplasms
MESH_D013771,Tetralogy of Fallot
MESH_D013796,Thanatophoric Dysplasia
MESH_D000749,"Anemia, Megaloblastic"
MESH_D004342,Drug Hypersensitivity
MESH_D011686,"Purine-Pyrimidine Metabolism, Inborn Errors"
MESH_D014339,"Truncus Arteriosus, Persistent"
MESH_D012131,Respiratory Insufficiency
MESH_D001238,Asphyxia Neonatorum
MESH_D019457,Chromosome Breakage
MESH_D003649,"Decalcification, Pathologic"
MESH_D009958,Orofaciodigital Syndromes
MESH_D054080,Vein of Galen Malformations
MESH_D012734,Disorders of Sex Development
MESH_D009056,Mouth Abnormalities
MESH_D011254,Pregnancy in Diabetics
MESH_D020329,Essential Tremor
MESH_D003744,Dental Enamel Hypoplasia
MESH_D018126,Odontodysplasia
MESH_D005497,Follicular Cyst
MESH_D018295,"Neoplasms, Basal Cell"
MESH_D016113,"Ichthyosiform Erythroderma, Congenital"
MESH_D056734,Monilethrix
MESH_D008201,"Lymphangiectasis, Intestinal"
MESH_D004939,Esophageal Perforation
MESH_D008477,Mediastinal Diseases
MESH_D019280,Branchio-Oto-Renal Syndrome
MESH_D004370,Duane Retraction Syndrome
MESH_D014076,Tooth Diseases
MESH_D009006,Monosomy
MESH_D008363,alpha-Mannosidosis
MESH_D006429,Hemiplegia
MESH_D010547,Persistent Fetal Circulation Syndrome
MESH_D004443,Echinococcosis
MESH_D000544,Alzheimer Disease
MESH_D057130,Leber Congenital Amaurosis
MESH_D009224,Myotonia Congenita
MESH_D020786,"Hemangioma, Cavernous, Central Nervous System"
MESH_D014581,Urticaria
MESH_D003967,Diarrhea
MESH_D013035,Spasm
MESH_D005600,Fragile X Syndrome
MESH_D011655,Pulmonary Embolism
MESH_D012569,Schizotypal Personality Disorder
MESH_D013915,Thrombasthenia
MESH_D014820,Vitiligo
MESH_D009442,Neurilemmoma
MESH_D017253,Neurofibromatoses
MESH_D005832,"Genital Diseases, Male"
MESH_D014522,Urethral Diseases
MESH_D015325,Pyruvate Dehydrogenase Complex Deficiency Disease
MESH_D005334,Fever
MESH_D056660,Hereditary Autoinflammatory Diseases
MESH_D000326,Adrenoleukodystrophy
MESH_D016111,Sjogren-Larsson Syndrome
MESH_D001172,"Arthritis, Rheumatoid"
MESH_D010309,Parotitis
MESH_D007859,Learning Disabilities
MESH_D014884,Waterhouse-Friderichsen Syndrome
MESH_D049310,Distal Myopathies
MESH_D009128,Muscle Spasticity
MESH_D010243,Paralysis
MESH_D002481,Cellulitis
MESH_D006816,Huntington Disease
MESH_D006527,Hepatolenticular Degeneration
MESH_D014860,Warts
MESH_D004422,Dystonia Musculorum Deformans
MESH_D001072,Apraxias
MESH_D004393,"Dwarfism, Pituitary"
MESH_D009393,Nephritis
MESH_D009845,Oligospermia
MESH_D002973,Cleidocranial Dysplasia
MESH_D005660,Funnel Chest
MESH_D000038,Abscess
MESH_D005402,Fistula
MESH_D003922,"Diabetes Mellitus, Type 1"
MESH_D000291,Adnexal Diseases
MESH_D001145,"Arrhythmias, Cardiac"
MESH_D053632,X-Linked Combined Immunodeficiency Diseases
MESH_D004401,Dysarthria
MESH_D013341,Sturge-Weber Syndrome
MESH_D006958,"Hyperostosis, Cortical, Congenital"
MESH_D000741,"Anemia, Aplastic"
MESH_D007938,Leukemia
MESH_D001164,Arteriovenous Fistula
MESH_D002764,Cholecystitis
MESH_D014973,Xanthomatosis
MESH_D006099,Granuloma
MESH_D010307,Parotid Neoplasms
MESH_D015160,Hydrops Fetalis
MESH_D006061,"Gonadal Dysgenesis, 46,XY"
MESH_D001766,Blindness
MESH_D013587,Syphilis
MESH_D009494,Neurosyphilis
MESH_D013606,Tabes Dorsalis
MESH_D022124,Hyperammonemia
MESH_D010488,Polyarteritis Nodosa
MESH_D016399,"Lymphoma, T-Cell"
MESH_D008231,Lymphopenia
MESH_D006222,Hamartoma
MESH_D015826,Langer-Giedion Syndrome
MESH_D015432,"Glomerulonephritis, Membranoproliferative"
MESH_D005918,Glomus Tumor
MESH_D005953,Glycogen Storage Disease Type I
MESH_D054069,Multiple Acyl Coenzyme A Dehydrogenase Deficiency
MESH_D044882,Glucose Metabolism Disorders
MESH_D006009,Glycogen Storage Disease Type II
MESH_D002754,Choanal Atresia
MESH_D020271,"Heredodegenerative Disorders, Nervous System"
MESH_D000308,Adrenocortical Hyperfunction
MESH_D000542,"Alveolitis, Extrinsic Allergic"
MESH_D005350,Fibroma
MESH_D055728,Primary Myelofibrosis
MESH_D019462,"Syncope, Vasovagal"
MESH_D002292,"Carcinoma, Renal Cell"
MESH_D006968,"Hypersensitivity, Delayed"
MESH_D010198,Pancytopenia
MESH_D017436,Kallmann Syndrome
MESH_D011629,"Puberty, Precocious"
MESH_D013118,Spinal Cord Diseases
MESH_D012127,"Respiratory Distress Syndrome, Newborn"
MESH_D050488,Hallux Varus
MESH_D007714,Klippel-Feil Syndrome
MESH_D007715,Klippel-Trenaunay-Weber Syndrome
MESH_D008881,Migraine Disorders
MESH_D019851,Thrombophilia
MESH_D011697,"Purpura, Thrombotic Thrombocytopenic"
MESH_D006226,Hand Deformities
MESH_D009375,"Neoplasms, Glandular and Epithelial"
MESH_D013953,Thymus Neoplasms
MESH_D013955,Thyroglossal Cyst
MESH_D013964,Thyroid Neoplasms
MESH_D018813,Multiple Endocrine Neoplasia Type 2a
MESH_D018249,"Adenoma, Oxyphilic"
MESH_D018278,"Carcinoma, Neuroendocrine"
MESH_D006981,Hyperthyroxinemia
MESH_D016115,"Albinism, Oculocutaneous"
MESH_D014605,Uveitis
MESH_D011546,Pseudohypoaldosteronism
MESH_D012466,Salivary Gland Diseases
MESH_D015179,Colorectal Neoplasms
MESH_D014456,Ulcer
MESH_D056304,Genu Valgum
MESH_D004833,"Epilepsy, Temporal Lobe"
MESH_D000844,Ankylosis
MESH_D013705,Temporomandibular Joint Disorders
MESH_D008133,Long QT Syndrome
MESH_D001321,Autistic Disorder
MESH_D007627,Keloid
MESH_D014103,Torticollis
MESH_D055090,Tracheomalacia
MESH_D014133,Tracheal Diseases
MESH_D011565,Psoriasis
MESH_D010409,Penile Diseases
MESH_D009072,Moyamoya Disease
MESH_D000853,Anophthalmos
MESH_D030401,Cytochrome-c Oxidase Deficiency
MESH_D000081208,Hereditary Complement Deficiency Diseases
MESH_D012514,"Sarcoma, Kaposi"
MESH_D059885,Kasabach-Merritt Syndrome
MESH_D016137,Spina Bifida Cystica
MESH_D063173,Retrognathia
MESH_D009080,Mucocutaneous Lymph Node Syndrome
MESH_D055534,"Bulbo-Spinal Atrophy, X-Linked"
MESH_D003914,Dextrocardia
MESH_D006996,Hypocalcemia
MESH_D022861,Hermanski-Pudlak Syndrome
MESH_D006393,Hemangiopericytoma
MESH_D012004,Rectal Neoplasms
MESH_D013160,Splenic Neoplasms
MESH_D000075224,Cardiac Conduction System Disease
MESH_D003965,Diaphragmatic Eventration
MESH_D016481,Helicobacter Infections
MESH_D003550,Cystic Fibrosis
MESH_D000417,Albinism
MESH_D016117,"Albinism, Ocular"
MESH_D011547,Pseudohypoparathyroidism
MESH_D001478,Basal Cell Nevus Syndrome
MESH_D001778,Blood Coagulation Disorders
MESH_D011552,Pseudomonas Infections
MESH_D016470,Bacteremia
MESH_D003536,Cystadenocarcinoma
MESH_D005185,Fallopian Tube Neoplasms
MESH_D001762,Blepharitis
MESH_D004814,Epidermal Cyst
MESH_D065703,"Malformations of Cortical Development, Group I"
MESH_D006973,Hypertension
MESH_D017514,Pityriasis Lichenoides
MESH_D011009,Pneumoconiosis
MESH_D056305,Genu Varum
MESH_D010244,"Bulbar Palsy, Progressive"
MESH_D044542,LEOPARD Syndrome
MESH_D011115,Polyneuropathies
MESH_D020966,"Muscular Disorders, Atrophic"
MESH_D008223,Lymphoma
MESH_D009918,Orbital Neoplasms
MESH_D014062,Tongue Neoplasms
MESH_D013683,"Telangiectasia, Hereditary Hemorrhagic"
MESH_D006311,Hearing Disorders
MESH_D017887,Ossification of Posterior Longitudinal Ligament
MESH_D055034,Osteochondrosis
MESH_D053358,"Ectodermal Dysplasia 1, Anhidrotic"
MESH_D007027,Hypothalamic Diseases
MESH_D020417,"Nystagmus, Congenital"
MESH_D013290,Streptococcal Infections
MESH_D014718,Vesico-Ureteral Reflux
MESH_D020139,Gastroschisis
MESH_D011654,Pulmonary Edema
MESH_D010282,Parathyroid Neoplasms
MESH_D010300,Parkinson Disease
MESH_D020734,Parkinsonian Disorders
MESH_D014693,Ventricular Fibrillation
MESH_D002573,Cervical Rib Syndrome
MESH_D006831,Polyhydramnios
MESH_D020167,Hyperlysinemias
MESH_D008588,Meningocele
MESH_D009261,Nail-Patella Syndrome
MESH_D008865,Microstomia
MESH_D005764,Gastroesophageal Reflux
MESH_D013494,"Supranuclear Palsy, Progressive"
MESH_D011471,Prostatic Neoplasms
MESH_D008287,Malacoplakia
MESH_D011470,Prostatic Hyperplasia
MESH_D020325,Migraine with Aura
MESH_D051359,"Lymphohistiocytosis, Hemophagocytic"
MESH_D009358,"Congenital, Hereditary, and Neonatal Diseases and Abnormalities"
MESH_D011695,"Purpura, Schoenlein-Henoch"
MESH_D006504,Hepatic Veno-Occlusive Disease
MESH_D006528,"Carcinoma, Hepatocellular"
MESH_D050500,"Pancreatitis, Chronic"
MESH_D017490,"Ichthyosis, Lamellar"
MESH_D004487,Edema
MESH_D012130,Respiratory Hypersensitivity
MESH_D008944,Mitral Valve Insufficiency
MESH_D011085,Polycystic Ovary Syndrome
MESH_D014555,Urination Disorders
MESH_D001506,Beckwith-Wiedemann Syndrome
MESH_D006011,Glycogen Storage Disease Type IV
MESH_D007669,Kidney Calculi
MESH_D053549,Pachyonychia Congenita
MESH_D007680,Kidney Neoplasms
MESH_D012893,Sleep Wake Disorders
MESH_D017034,"Epilepsy, Frontal Lobe"
MESH_D000051,Acantholysis
MESH_D017827,Machado-Joseph Disease
MESH_D008659,Metabolic Diseases
MESH_D005767,Gastrointestinal Diseases
MESH_D012140,Respiratory Tract Diseases
MESH_D014786,Vision Disorders
MESH_D012829,Silicosis
MESH_D005877,Gigantism
MESH_D001018,Aortic Diseases
MESH_D061205,Vascular Calcification
MESH_D008444,Maxillary Sinus Neoplasms
MESH_D006937,Hypercholesterolemia
MESH_D006712,Homocystinuria
MESH_D016114,"Ichthyosis, X-Linked"
MESH_D009081,Mucolipidoses
MESH_D014517,Ureteral Obstruction
MESH_D021782,Multicystic Dysplastic Kidney
MESH_D019578,Multiple System Atrophy
MESH_D008548,Melanosis
MESH_D009634,Noonan Syndrome
MESH_D017240,Mitochondrial Myopathies
MESH_D010871,Pinealoma
MESH_D006985,Hyperventilation
MESH_D043204,"Mineralocorticoid Excess Syndrome, Apparent"
MESH_D003923,"Diabetes Mellitus, Lipoatrophic"
MESH_D012848,Sinoatrial Block
MESH_D000686,Amyloidosis
MESH_D005199,Fanconi Anemia
MESH_D062685,Steatocystoma Multiplex
MESH_D014096,"Tooth, Supernumerary"
MESH_D008204,Lymphangiosarcoma
MESH_D012163,Retinal Detachment
MESH_D020255,Vitreous Detachment
MESH_D013575,Syncope
MESH_D018879,Ventricular Premature Complexes
MESH_D015434,Panniculitis
MESH_D010954,Plasmacytoma
MESH_D018202,Pulmonary Blastoma
MESH_D012509,Sarcoma
MESH_D046152,Gastrointestinal Stromal Tumors
MESH_D015576,Hyperostosis
MESH_D008218,Lymphocytosis
MESH_D000138,Acidosis
MESH_D009849,Olivopontocerebellar Atrophies
MESH_D011782,Quadriplegia
MESH_D006551,"Hernia, Hiatal"
MESH_D006832,Hydranencephaly
MESH_D001177,"Arthropathy, Neurogenic"
MESH_D060905,Coxa Vara
MESH_D013168,Spondylolisthesis
MESH_D010939,Plant Poisoning
MESH_D006548,"Hernia, Diaphragmatic"
MESH_D004613,Ellis-Van Creveld Syndrome
MESH_D011081,"Polychondritis, Relapsing"
MESH_D000072661,Ciliopathies
MESH_D016873,Ehrlichiosis
MESH_D031845,Hajdu-Cheney Syndrome
MESH_D050174,"Genetic Diseases, Y-Linked"
MESH_D054331,Sertoli Cell-Only Syndrome
MESH_D018310,Sertoli-Leydig Cell Tumor
MESH_D007035,Hypothermia
MESH_D012779,Short Rib-Polydactyly Syndrome
MESH_D018232,"Rhabdomyosarcoma, Alveolar"
MESH_D003966,Camurati-Engelmann Syndrome
MESH_D010017,"Osteoma, Osteoid"
MESH_D007706,Menkes Kinky Hair Syndrome
MESH_D007333,Insulin Resistance
MESH_D017588,Hyperandrogenism
MESH_D003410,Cri-du-Chat Syndrome
MESH_D001477,Bartter Syndrome
MESH_D005884,Gingival Hemorrhage
MESH_D004057,"Hyperostosis, Diffuse Idiopathic Skeletal"
MESH_D020336,"Paraparesis, Spastic"
MESH_D007571,Jaw Diseases
MESH_D006073,Gout
MESH_D033461,Hyperuricemia
MESH_D008268,Macular Degeneration
MESH_D010001,Osteitis Deformans
MESH_D012595,"Scleroderma, Systemic"
MESH_D015837,Vestibular Diseases
MESH_D015792,Retinal Dysplasia
MESH_D016715,Proteus Syndrome
MESH_D020828,Pseudobulbar Palsy
MESH_D007565,Jaundice
MESH_D005886,Gingival Hypertrophy
MESH_D009810,Odontoma
MESH_D001024,Aortic Valve Stenosis
MESH_D009372,"Neoplasms, Connective Tissue"
MESH_D010181,Pancreatic Cyst
MESH_D014545,Urinary Calculi
MESH_D006977,"Hypertension, Renal"
MESH_D020760,Spinal Cord Ischemia
MESH_D006474,Hemorrhagic Disorders
MESH_D001159,Arterio-Arterial Fistula
MESH_D006053,Goldenhar Syndrome
MESH_D010018,Osteomalacia
MESH_D015794,Choroideremia
MESH_D006994,Hypoaldosteronism
MESH_D005208,Fasciitis
MESH_D057826,Vitelliform Macular Dystrophy
MESH_D008069,"Lipomatosis, Multiple Symmetrical"
MESH_D000742,"Anemia, Dyserythropoietic, Congenital"
MESH_D000076082,Travel-Related Illness
MESH_D008708,Methemoglobinemia
MESH_D009373,"Neoplasms, Germ Cell and Embryonal"
MESH_D013736,Testicular Neoplasms
MESH_D006101,"Granuloma, Giant Cell"
MESH_D004066,Digestive System Diseases
MESH_D015619,Respiratory System Abnormalities
MESH_D046150,Laron Syndrome
MESH_D007822,Laryngeal Neoplasms
MESH_D012208,Rhabdomyosarcoma
MESH_D001017,Aortic Coarctation
MESH_D015319,"Fructose-1,6-Diphosphatase Deficiency"
MESH_D006042,Goiter
MESH_D006975,"Hypertension, Portal"
MESH_D008103,Liver Cirrhosis
MESH_D005141,Eyelid Diseases
MESH_D020788,Bardet-Biedl Syndrome
MESH_D010049,Ovarian Diseases
MESH_D005058,Eunuchism
MESH_D003248,Constipation
MESH_D004617,Embolism
MESH_D000292,Pelvic Inflammatory Disease
MESH_D006505,Hepatitis
MESH_D010538,Peritonitis
MESH_D005922,"Glomerulonephritis, IGA"
MESH_D028243,"Cerebral Amyloid Angiopathy, Familial"
MESH_D009472,Neuronal Ceroid-Lipofuscinoses
MESH_D009808,Odontogenic Tumors
MESH_D008141,Lordosis
MESH_D018908,Muscle Weakness
MESH_D008210,Lymphocele
MESH_D013121,Spinal Curvatures
MESH_D002178,"Candidiasis, Chronic Mucocutaneous"
MESH_D009389,"Neovascularization, Pathologic"
MESH_D031300,Retinal Vasculitis
MESH_D034141,Hypoalbuminemia
MESH_D000307,Adrenal Gland Diseases
MESH_D058496,Smith-Magenis Syndrome
MESH_D000196,Actinomycosis
MESH_D005621,Friedreich Ataxia
MESH_D015318,"Fructose Metabolism, Inborn Errors"
MESH_D010302,"Parkinson Disease, Secondary"
MESH_D020863,Central Nervous System Cysts
MESH_D003929,Diabetic Neuropathies
MESH_D059446,Heterotaxy Syndrome
MESH_D018792,"Encephalitis, Viral"
MESH_D019349,Roseolovirus Infections
MESH_D017497,Hidradenitis Suppurativa
MESH_D018305,Ganglioneuroblastoma
MESH_D007766,Lacrimal Apparatus Diseases
MESH_D006008,Glycogen Storage Disease
MESH_D009127,Muscle Rigidity
MESH_D005153,Facial Neoplasms
MESH_D006392,"Hemangioma, Cavernous"
MESH_D013281,"Stomatitis, Aphthous"
MESH_D003784,Dental Pulp Calcification
MESH_D014591,Uterine Diseases
MESH_D052202,Hydrocolpos
MESH_D045822,Intestinal Volvulus
MESH_D000380,Agranulocytosis
MESH_D011696,"Purpura, Thrombocytopenic"
MESH_D007020,Hypoprothrombinemias
MESH_D055673,Acrocallosal Syndrome
MESH_D000169,Acrodermatitis
MESH_D009198,Myiasis
MESH_D006210,Hallermann's Syndrome
MESH_D003719,Dens in Dente
MESH_D053040,Nephrolithiasis
MESH_D003805,Dentin Dysplasia
MESH_D003874,Dermatitis Herpetiformis
MESH_D000080363,White Dot Syndromes
MESH_D012607,Scotoma
MESH_D013614,"Tachycardia, Paroxysmal"
MESH_D052878,Urolithiasis
MESH_D000564,Ameloblastoma
MESH_D018195,Adenosarcoma
MESH_D016657,Cerebral Amyloid Angiopathy
MESH_D003882,Dermatomyositis
MESH_D004688,Encopresis
MESH_D005242,Fecal Incontinence
MESH_D017085,alpha-Thalassemia
MESH_D001281,Atrial Fibrillation
MESH_D006338,Heart Neoplasms
MESH_D016884,"Polyendocrinopathies, Autoimmune"
MESH_D009869,Oophoritis
MESH_D011218,Prader-Willi Syndrome
MESH_D011030,Pneumothorax
MESH_D015614,Histiocytosis
MESH_D006689,Hodgkin Disease
MESH_D007964,Leukocytosis
MESH_D005142,Eyelid Neoplasms
MESH_D009303,Nasopharyngeal Neoplasms
MESH_D010007,Osteochondritis
MESH_D019571,Arrhythmogenic Right Ventricular Dysplasia
MESH_D017696,"Myopathies, Nemaline"
MESH_D010383,Pellagra
MESH_D058674,Chromosome Duplication
MESH_D012148,Restless Legs Syndrome
MESH_D007970,Leukopenia
MESH_D041441,Retinoschisis
MESH_D008080,Liposarcoma
MESH_D006946,Hyperinsulinism
MESH_D054559,Hyperphosphatemia
MESH_D052456,Hypoalphalipoproteinemias
MESH_D001656,Biliary Atresia
MESH_D054880,Aspartylglucosaminuria
MESH_D014211,Treponemal Infections
MESH_D012216,Rheumatic Diseases
MESH_D014064,"Tongue, Hairy"
MESH_D020191,"Myoclonic Epilepsies, Progressive"
MESH_D000724,Ancylostomiasis
MESH_D013734,Androgen-Insensitivity Syndrome
MESH_D005923,"Glomerulosclerosis, Focal Segmental"
MESH_D005921,Glomerulonephritis
MESH_D006470,Hemorrhage
MESH_D018312,Sex Cord-Gonadal Stromal Tumors
MESH_D021921,"Aortic Stenosis, Supravalvular"
MESH_D007562,Creutzfeldt-Jakob Syndrome
MESH_D016643,"Encephalopathy, Bovine Spongiform"
MESH_D008072,Hyperlipoproteinemia Type I
MESH_D002051,Burkitt Lymphoma
MESH_D056889,Barth Syndrome
MESH_D009290,Narcolepsy
MESH_D003586,Cytomegalovirus Infections
MESH_D020232,Kluver-Bucy Syndrome
MESH_D017237,Mitochondrial Encephalomyopathies
MESH_D013700,Giant Cell Arteritis
MESH_D011225,Pre-Eclampsia
MESH_D008105,"Liver Cirrhosis, Biliary"
MESH_D001020,"Aortic Stenosis, Subvalvular"
MESH_D018315,"Glioma, Subependymal"
MESH_D014806,Vitamin B 12 Deficiency
MESH_D046768,Nesidioblastosis
MESH_D006957,Hyperostosis Frontalis Interna
MESH_D015436,"Panniculitis, Peritoneal"
MESH_D050336,Mulibrey Nanism
MESH_D020968,Brachial Plexus Neuritis
MESH_D020961,Lewy Body Disease
MESH_D016864,Li-Fraumeni Syndrome
MESH_D052582,Trigger Finger Disorder
MESH_D014854,Lateral Medullary Syndrome
MESH_D020252,Gastric Antral Vascular Ectasia
MESH_D014890,Granulomatosis with Polyangiitis
MESH_D000425,Alcohol Amnestic Disorder
MESH_D056684,Yellow Nail Syndrome
MESH_D054549,Takotsubo Cardiomyopathy
MESH_D004404,"Dysentery, Amebic"
MESH_D000012,Abetalipoproteinemia
MESH_D014895,Weil Disease
MESH_D007625,Kearns-Sayre Syndrome
MESH_D017624,WAGR Syndrome
MESH_D005313,Fetal Death
MESH_D007024,"Hypotension, Orthostatic"
MESH_D054970,Pure Autonomic Failure
MESH_D057973,Dent Disease
MESH_D011123,Polyploidy
MESH_D058456,Retinal Telangiectasis
MESH_D001471,Barrett Esophagus
MESH_D002471,"Cell Transformation, Neoplastic"
MESH_D013478,Superior Mesenteric Artery Syndrome
MESH_D054515,Vulvar Vestibulitis
MESH_D054091,Periventricular Nodular Heterotopia
MESH_D004320,Dracunculiasis
MESH_D003557,Phyllodes Tumor
MESH_D017088,AIDS-Related Opportunistic Infections
MESH_D002869,Chromosome Aberrations
MESH_D030342,"Genetic Diseases, Inborn"
MESH_D017444,"Skin Diseases, Papulosquamous"
MESH_D010608,Pharyngeal Diseases
MESH_D018798,"Anemia, Iron-Deficiency"
MESH_D010257,Paraneoplastic Syndromes
MESH_D009901,Optic Nerve Diseases
MESH_D004240,Diverticulum
MESH_D003057,Cockayne Syndrome
MESH_D010688,Phimosis
MESH_D007014,Hypophosphatasia
MESH_D009083,Mucopolysaccharidoses
MESH_D056730,Silver-Russell Syndrome
MESH_D006933,"Hyperbilirubinemia, Hereditary"
MESH_D018256,Adenomatous Polyps
MESH_D010698,Phobic Disorders
MESH_D017563,"Lung Diseases, Interstitial"
MESH_D056486,Chemical and Drug Induced Liver Injury
MESH_D018476,Hypokinesia
MESH_D011542,Pseudarthrosis
MESH_D017219,Gastric Outlet Obstruction
MESH_D007232,"Infant, Newborn, Diseases"
MESH_D007787,Lactose Intolerance
MESH_D007966,"Leukodystrophy, Metachromatic"
MESH_D017094,"Porphyrias, Hepatic"
MESH_D004646,Emphysema
MESH_D007008,Hypokalemia
MESH_D012120,Respiration Disorders
MESH_D006970,Disorders of Excessive Somnolence
MESH_D053098,Familial Hypophosphatemic Rickets
MESH_D051556,"Hyperbilirubinemia, Neonatal"
MESH_D004829,"Epilepsy, Generalized"
MESH_D004700,Endocrine System Diseases
MESH_D007775,Lactation Disorders
MESH_D056731,Donohue Syndrome
MESH_D017086,beta-Thalassemia
MESH_D055538,delta-Thalassemia
MESH_D025861,"Blood Coagulation Disorders, Inherited"
MESH_D000347,Afibrinogenemia
MESH_D009506,Nevus
MESH_D050398,Adamantinoma
MESH_D004844,Epistaxis
MESH_D054079,Vascular Malformations
MESH_D013967,"Thyroiditis, Autoimmune"
MESH_D012279,Rickets
MESH_D005494,Folic Acid Deficiency
MESH_D018633,Pulmonary Atresia
MESH_D008654,Mesothelioma
MESH_D002276,Carcinoid Tumor
MESH_D013927,Thrombosis
MESH_D001791,Blood Platelet Disorders
MESH_D007960,Leukocyte Disorders
MESH_D020914,"Myopathies, Structural, Congenital"
MESH_D018210,Chondromatosis
MESH_D016545,Choroid Plexus Neoplasms
MESH_D000743,"Anemia, Hemolytic"
MESH_D057180,Frontotemporal Dementia
MESH_D004612,"Elliptocytosis, Hereditary"
MESH_D006502,Budd-Chiari Syndrome
MESH_D002485,Cementoma
MESH_D007573,Jaw Neoplasms
MESH_D001005,Anus Neoplasms
MESH_D009190,Myelodysplastic Syndromes
MESH_D005322,"Fetal Membranes, Premature Rupture"
MESH_D015593,Retinal Drusen
MESH_D007174,"Disruptive, Impulse Control, and Conduct Disorders"
MESH_D012135,Respiratory Sounds
MESH_D012512,"Sarcoma, Ewing"
MESH_D006929,Hyperaldosteronism
MESH_D051677,"Histiocytoma, Malignant Fibrous"
MESH_D005902,"Glaucoma, Open-Angle"
MESH_D002813,Chondrosarcoma
MESH_D018204,"Neoplasms, Connective and Soft Tissue"
MESH_D015878,Mydriasis
MESH_D005879,Tourette Syndrome
MESH_D003221,Confusion
MESH_D015840,Oculomotor Nerve Diseases
MESH_D008949,"Adenoma, Pleomorphic"
MESH_D012468,Salivary Gland Neoplasms
MESH_D007516,"Adenoma, Islet Cell"
MESH_D002291,"Carcinoma, Papillary"
MESH_D005155,Facial Nerve Diseases
MESH_D015212,Inflammatory Bowel Diseases
MESH_D015470,"Leukemia, Myeloid, Acute"
MESH_D004062,DiGeorge Syndrome
MESH_D054000,"Nevus, Sebaceous of Jadassohn"
MESH_D065705,Hemimegalencephaly
MESH_D000081029,Pulmonary Arterial Hypertension
MESH_D049950,"Hyperparathyroidism, Primary"
MESH_D044483,Intestinal Polyposis
MESH_D009461,Neurologic Manifestations
MESH_D014923,Wiskott-Aldrich Syndrome
MESH_D024741,"Cardiomyopathy, Hypertrophic, Familial"
MESH_D053206,Nocturnal Enuresis
MESH_D002644,Chickenpox
MESH_D008339,Mandibular Neoplasms
MESH_D010016,Osteoma
MESH_D014063,"Tongue, Fissured"
MESH_D054039,Onycholysis
MESH_D012804,Sick Sinus Syndrome
MESH_D003329,Coronary Vasospasm
MESH_D007154,Immune System Diseases
MESH_D004402,"Dysautonomia, Familial"
MESH_D004067,Digestive System Neoplasms
MESH_D005729,Ganglioneuroma
MESH_D018814,Multiple Endocrine Neoplasia Type 2b
MESH_D004379,Duodenal Neoplasms
MESH_D010673,Pheochromocytoma
MESH_D020967,Myotonic Disorders
MESH_D004314,Down Syndrome
MESH_D007955,Leukemoid Reaction
MESH_D003324,Coronary Artery Disease
MESH_D000550,Amblyopia
MESH_D008557,Melorheostosis
MESH_D005134,Eye Neoplasms
MESH_D012626,Sebaceous Gland Neoplasms
MESH_D002538,Intracranial Arteriovenous Malformations
MESH_D006951,Hyperlipoproteinemias
MESH_D003230,Conjunctival Neoplasms
MESH_D008047,Lip Diseases
MESH_D046608,Synkinesis
MESH_D007911,Lentigo
MESH_D007871,Leg Ulcer
MESH_D020147,Coagulation Protein Disorders
MESH_D011561,Pseudoxanthoma Elasticum
MESH_D011008,Pneumococcal Infections
MESH_D013009,Somnambulism
MESH_D010264,Paraplegia
MESH_D056830,Isolated Noncompaction of the Ventricular Myocardium
MESH_D050197,Atherosclerosis
MESH_D056266,Erythrokeratodermia Variabilis
MESH_D017246,"Ophthalmoplegia, Chronic Progressive External"
MESH_D013342,Stuttering
MESH_D006501,Hepatic Encephalopathy
MESH_D056733,Carney Complex
MESH_D014188,Transposition of Great Vessels
MESH_D013398,Sudden Infant Death
MESH_D010040,Otosclerosis
MESH_D003865,"Depressive Disorder, Major"
MESH_D055092,Laryngomalacia
MESH_D066229,Speech Sound Disorder
MESH_D014652,Vascular Diseases
MESH_D006963,Hyperphagia
MESH_D000795,Fabry Disease
MESH_D011504,Protein-Losing Enteropathies
MESH_D057174,Frontotemporal Lobar Degeneration
MESH_D001165,Arteriovenous Malformations
MESH_D015812,"Glaucoma, Angle-Closure"
MESH_D006327,Heart Block
MESH_D002544,Cerebral Infarction
MESH_D001037,Aphasia
MESH_D001746,Bladder Exstrophy
MESH_D004842,Epispadias
MESH_D009212,Myoglobinuria
MESH_D053713,Azoospermia
MESH_D054546,Neuroacanthocytosis
MESH_D014424,Turner Syndrome
MESH_D015518,Rett Syndrome
MESH_D000073376,Epileptic Syndromes
MESH_D020434,Abducens Nerve Diseases
MESH_D001714,Bipolar Disorder
MESH_D020215,"Carotid Artery, Internal, Dissection"
MESH_D000699,"Pain Insensitivity, Congenital"
MESH_D017674,Hypophosphatemia
MESH_D006980,Hyperthyroidism
MESH_D005335,Fever of Unknown Origin
MESH_D006261,Headache
MESH_D009325,Nausea
MESH_D018297,"Neoplasms, Cystic, Mucinous, and Serous"
MESH_D011087,Polycythemia Vera
MESH_D019569,Hemifacial Spasm
MESH_D006105,"Granulomatous Disease, Chronic"
MESH_D012891,Sleep Apnea Syndromes
MESH_D009203,Myocardial Infarction
MESH_D012587,Scimitar Syndrome
MESH_D053306,Hyper-IgM Immunodeficiency Syndrome
MESH_D052497,"Lipodystrophy, Congenital Generalized"
MESH_D003371,Cough
MESH_D058247,Loose Anagen Hair Syndrome
MESH_D014102,Torsion Abnormality
MESH_D010518,Periodontitis
MESH_D015209,"Cholangitis, Sclerosing"
MESH_D009542,Niemann-Pick Diseases
MESH_D017488,"Hyperkeratosis, Epidermolytic"
MESH_D001264,Athetosis
MESH_D010291,Paresis
MESH_D001289,Attention Deficit Disorder with Hyperactivity
MESH_D000740,Anemia
MESH_D004819,Epidermodysplasia Verruciformis
MESH_D014060,Tongue Diseases
MESH_D008232,Lymphoproliferative Disorders
MESH_D007177,Inappropriate ADH Syndrome
MESH_D013922,Thrombocytosis
MESH_D007926,Lesch-Nyhan Syndrome
MESH_D053307,"Hyper-IgM Immunodeficiency Syndrome, Type 1"
MESH_D006211,Pantothenate Kinase-Associated Neurodegeneration
MESH_D004828,"Epilepsies, Partial"
MESH_D004830,"Epilepsy, Tonic-Clonic"
MESH_D029424,"Pulmonary Disease, Chronic Obstructive"
MESH_D010235,Paraganglioma
MESH_D001157,Arterial Occlusive Diseases
MESH_D058729,Peripheral Arterial Disease
MESH_D003876,"Dermatitis, Atopic"
MESH_D052496,"Lipodystrophy, Familial Partial"
MESH_D014012,Tinnitus
MESH_D014717,Vertigo
MESH_D003072,Cognition Disorders
MESH_D007009,Hypolipoproteinemias
MESH_D013945,Thymoma
MESH_D013661,Tay-Sachs Disease
MESH_D021922,Discrete Subaortic Stenosis
MESH_D012497,Sandhoff Disease
MESH_D011129,Polyradiculoneuropathy
MESH_D000746,"Anemia, Hemolytic, Congenital Nonspherocytic"
MESH_D015323,"Pyruvate Metabolism, Inborn Errors"
MESH_D001796,Blood Protein Disorders
MESH_D010490,Pericardial Effusion
MESH_D010493,Pericarditis
MESH_D015746,Abdominal Pain
MESH_D012859,Sjogren's Syndrome
MESH_D010188,Exocrine Pancreatic Insufficiency
MESH_D015877,Miosis
MESH_D008064,Lipidoses
MESH_D009196,Myeloproliferative Disorders
MESH_D013277,Stomach Volvulus
MESH_D017573,Focal Epithelial Hyperplasia
MESH_D004204,Joint Dislocations
MESH_D010505,Familial Mediterranean Fever
MESH_D005117,"Cardiac Complexes, Premature"
MESH_D057088,Anetoderma
MESH_D011656,Pulmonary Emphysema
MESH_D004457,Echovirus Infections
MESH_D004387,Dupuytren Contracture
MESH_D058225,"Plaque, Amyloid"
MESH_D017271,Craniomandibular Disorders
MESH_D005221,Fatigue
MESH_D003330,Coronary Vessel Anomalies
MESH_D014648,Varicose Veins
MESH_D014657,Vasculitis
MESH_D003294,"Seizures, Febrile"
MESH_D017544,"Aortic Aneurysm, Abdominal"
MESH_D055154,Dysphonia
MESH_D001249,Asthma
MESH_D043171,Chromosomal Instability
MESH_D009100,Multiple Carboxylase Deficiency
MESH_D001260,Ataxia Telangiectasia
MESH_D008310,Malocclusion
MESH_D054198,Precursor Cell Lymphoblastic Leukemia-Lymphoma
MESH_D053447,Channelopathies
MESH_D020790,"Diabetes Insipidus, Neurogenic"
MESH_D007015,"Hypophosphatemia, Familial"
MESH_D002659,"Child Development Disorders, Pervasive"
MESH_D011141,Polyuria
MESH_D010760,Phosphorus Metabolism Disorders
MESH_D007806,Language Disorders
MESH_D007567,"Jaundice, Neonatal"
MESH_D001606,Bernard-Soulier Syndrome
MESH_D000753,"Anemia, Refractory"
MESH_D004678,Encephalomalacia
MESH_D043963,"Diverticulosis, Colonic"
MESH_D046449,"Hernia, Abdominal"
MESH_D009103,Multiple Sclerosis
MESH_D003968,"Diarrhea, Infantile"
MESH_D014929,Wolfram Syndrome
MESH_D018500,"Diabetes Insipidus, Nephrogenic"
MESH_D003480,Cushing Syndrome
MESH_D019575,"Blindness, Cortical"
MESH_D009122,Muscle Hypertonia
MESH_D002294,"Carcinoma, Squamous Cell"
MESH_D058531,"46, XX Testicular Disorders of Sex Development"
MESH_D013345,Subarachnoid Hemorrhage
MESH_D018980,Williams Syndrome
MESH_D004652,Empty Sella Syndrome
MESH_D019588,"Aging, Premature"
MESH_D001014,Aortic Aneurysm
MESH_D006950,"Hyperlipidemia, Familial Combined"
MESH_D020178,"Sleep Disorders, Circadian Rhythm"
MESH_D002812,Chondroma
MESH_D007890,Leiomyosarcoma
MESH_D009369,Neoplasms
MESH_D042882,Gallstones
MESH_D059345,Cerebral Small Vessel Diseases
MESH_D019082,Smith-Lemli-Opitz Syndrome
MESH_D020886,Somatosensory Disorders
MESH_D020937,"Epilepsy, Partial, Sensory"
MESH_D055963,"Asthma, Aspirin-Induced"
MESH_D018206,Angiolipoma
MESH_D000303,Adrenal Cortex Diseases
MESH_D018268,Adrenocortical Carcinoma
MESH_D006967,Hypersensitivity
MESH_D014848,Vulvovaginitis
MESH_D014689,Venous Insufficiency
MESH_D029597,Romano-Ward Syndrome
MESH_D008206,Lymphatic Diseases
MESH_D006399,Hematocolpos
MESH_D001308,Auditory Perceptual Disorders
MESH_D007947,"Leukemia, Megakaryoblastic, Acute"
MESH_D020016,Activated Protein C Resistance
MESH_D018252,Syringoma
MESH_D015838,"Chondromatosis, Synovial"
MESH_D057896,Striae Distensae
MESH_D004410,Dyslexia
MESH_D000137,Acid-Base Imbalance
MESH_D004679,Encephalomyelitis
MESH_D003027,Cluster Headache
MESH_D002830,Choroid Neoplasms
MESH_D001139,Arnold-Chiari Malformation
MESH_D020785,Central Nervous System Vascular Malformations
MESH_D002313,"Cardiomyopathy, Restrictive"
MESH_D018567,"Breast Neoplasms, Male"
MESH_D002145,Callosities
MESH_D003635,De Lange Syndrome
MESH_D010985,Platybasia
MESH_D005207,Fasciculation
MESH_D006949,Hyperlipidemias
MESH_D052476,"Hypobetalipoproteinemia, Familial, Apolipoprotein B"
MESH_D019896,alpha 1-Antitrypsin Deficiency
MESH_D050010,"Hyperthyroxinemia, Familial Dysalbuminemic"
MESH_D049912,Growth Hormone-Secreting Pituitary Adenoma
MESH_D005533,Foot Dermatoses
MESH_D018226,Fibroadenoma
MESH_D012888,Skull Neoplasms
MESH_D001982,Bronchial Diseases
MESH_D006947,Hyperkalemia
MESH_D046089,"Hearing Loss, Mixed Conductive-Sensorineural"
MESH_D013971,Thyrotoxicosis
MESH_D056768,Giant Axonal Neuropathy
MESH_D020925,"Hypoxia-Ischemia, Brain"
MESH_D002137,Calculi
MESH_D013733,Testicular Diseases
MESH_D014075,Tooth Discoloration
MESH_D005355,Fibrosis
MESH_D009408,Nerve Compression Syndromes
MESH_D006971,Hypersplenism
MESH_D010900,Pituitary Diseases
MESH_D010305,Parotid Diseases
MESH_D012175,Retinoblastoma
MESH_D006969,"Hypersensitivity, Immediate"
MESH_D017760,Bone Malalignment
MESH_D046248,"Pyloric Stenosis, Hypertrophic"
MESH_D017119,Porphyria Cutanea Tarda
MESH_D017118,"Porphyria, Acute Intermittent"
MESH_D011127,Polyps
MESH_D009378,"Neoplasms, Multiple Primary"
MESH_D010981,Platelet Storage Pool Deficiency
MESH_D010245,"Paralyses, Familial Periodic"
MESH_D020371,Pelizaeus-Merzbacher Disease
MESH_D007040,Hypoventilation
MESH_D016584,Panic Disorder
MESH_D050033,Thyroid Dysgenesis
MESH_D011649,Pulmonary Alveolar Proteinosis
MESH_D006010,Glycogen Storage Disease Type III
MESH_D016537,"Gangliosidosis, GM1"
MESH_D006331,Heart Diseases
MESH_D003231,Conjunctivitis
MESH_D001523,Mental Disorders
MESH_D007589,Job Syndrome
MESH_D012206,Rhabdomyolysis
MESH_D004832,"Epilepsy, Absence"
MESH_D015594,Optic Disk Drusen
MESH_D009377,Multiple Endocrine Neoplasia
MESH_D018455,Protein S Deficiency
MESH_D054068,Livedo Reticularis
MESH_D011928,Raynaud Disease
MESH_D056587,Cryopyrin-Associated Periodic Syndromes
MESH_D007965,"Leukodystrophy, Globoid Cell"
MESH_D007984,Leydig Cell Tumor
MESH_D055623,"Keratosis, Actinic"
MESH_D011304,Presbycusis
MESH_D012422,"Rupture, Spontaneous"
MESH_D029593,Jervell-Lange Nielsen Syndrome
MESH_D006456,Hemoglobinuria
MESH_D063730,"Rickets, Hypophosphatemic"
MESH_D006030,"Glycosuria, Renal"
MESH_D011658,Pulmonary Fibrosis
MESH_D046351,"Protoporphyria, Erythropoietic"
MESH_D006850,"Hydrocephalus, Normal Pressure"
MESH_D005955,Glucosephosphate Dehydrogenase Deficiency
MESH_D018640,Stomatognathic System Abnormalities
MESH_D050090,Ovotesticular Disorders of Sex Development
MESH_D001987,Bronchiectasis
MESH_D065635,Benign Paroxysmal Positional Vertigo
MESH_D020514,Hypokalemic Periodic Paralysis
MESH_D045602,Steatorrhea
MESH_D012002,Rectal Diseases
MESH_D018207,Angiomyolipoma
MESH_D005177,Factor XIII Deficiency
MESH_D028227,"Amyloid Neuropathies, Familial"
MESH_D053627,Asthenozoospermia
MESH_D053546,"Keratoderma, Palmoplantar, Epidermolytic"
MESH_D018382,Thyroid Hormone Resistance Syndrome
MESH_D020388,"Muscular Dystrophy, Duchenne"
MESH_D018263,"Adenocarcinoma, Follicular"
MESH_D063647,Fetal Alcohol Spectrum Disorders
MESH_D012806,Siderosis
MESH_D017681,Hypereosinophilic Syndrome
MESH_D015477,"Leukemia, Myelomonocytic, Chronic"
