id	name
MUTATION_p_Q12H	Q12H
MUTATION_rs1800629	rs1800629
MUTATION_c_1A>C	A1C
MUTATION_rs1800896	rs1800896
MUTATION_rs2070788	rs2070788
MUTATION_rs7626962	p_Ser1103Tyr
MUTATION_rs2106809	rs2106809
MUTATION_rs75603675	rs75603675
MUTATION_rs762374468	G3 GU
MUTATION_rs1130866	rs1130866
MUTATION_rs2430561	rs2430561
MUTATION_rs12329760	rs12329760
MUTATION_rs2107538	rs2107538
MUTATION_rs383510	rs383510
MUTATION_rs4291	rs4291
MUTATION_rs4646994	rs4646994
MUTATION_rs4986790	rs4986790
MUTATION_rs2074192	rs2074192
MUTATION_rs1800796	rs1800796
MUTATION_rs315952	rs315952
MUTATION_p_L486F	L486F
MUTATION_rs12329760	V197M
MUTATION_rs75603675	G8D
MUTATION_rs1978124	rs1978124
MUTATION_rs879922	rs879922
MUTATION_rs1469294455	S228P
MUTATION_rs121434569	T790M
MUTATION_c_1A>C	A 1  C
MUTATION_c_-2518G>A	G-2518A
MUTATION_c_592C>A	592C > A
MUTATION_c_819C>T	819C > T
MUTATION_rs1024611	rs1024611
MUTATION_rs10735810	rs10735810
MUTATION_rs112171234	rs112171234
MUTATION_rs11536889	rs11536889
MUTATION_rs11702475	rs11702475
MUTATION_rs12010448	rs12010448
MUTATION_rs143695310	rs143695310
MUTATION_rs148771870	p_Gly211Arg
MUTATION_rs1800630	rs1800630
MUTATION_rs1800871	rs1800871
MUTATION_rs1800872	rs1800872
MUTATION_rs187084	rs187084
MUTATION_rs1898830	rs1898830
MUTATION_rs1927911	rs1927911
MUTATION_rs1996225	rs1996225
MUTATION_rs200781818	rs200781818
MUTATION_rs2070874	rs2070874
MUTATION_rs2158082	rs2158082
MUTATION_rs2228570	rs2228570
MUTATION_rs2280788	rs2280788
MUTATION_rs2285666	rs2285666
MUTATION_rs2563298	rs2563298
MUTATION_rs2564978	rs2564978
MUTATION_rs2569190	-159C > T
MUTATION_rs2569190	rs2569190
MUTATION_rs34624090	rs34624090
MUTATION_rs34783969	rs34783969
MUTATION_rs35041537	rs35041537
MUTATION_rs352162	rs352162
MUTATION_rs35899679	rs35899679
MUTATION_rs4060	rs4060
MUTATION_rs41303171	p_Asn720Asp
MUTATION_rs4290734	rs4290734
MUTATION_rs463727	rs463727
MUTATION_rs4646116	p_Lys26Arg
MUTATION_rs4646127	rs4646127
MUTATION_rs4804803	-336A > G
MUTATION_rs4804803	rs4804803
MUTATION_rs4830974	rs4830974
MUTATION_rs4830983	rs4830983
MUTATION_rs55964536	rs55964536
MUTATION_rs5743551	rs5743551
MUTATION_rs5743708	rs5743708
MUTATION_rs5936011	rs5936011
MUTATION_rs5936029	rs5936029
MUTATION_rs6629110	rs6629110
MUTATION_rs6632704	rs6632704
MUTATION_rs734056	rs734056
MUTATION_rs7364083	rs7364083
MUTATION_rs756497600	207G > T
MUTATION_rs75979613	rs75979613
MUTATION_rs7656411	rs7656411
MUTATION_rs775181355	rs775181355
MUTATION_rs9974589	rs9974589
MUTATION_p_C19P	C19P
MUTATION_g_8790G>A	G8790A
MUTATION_rs4646176	rs4646176
MUTATION_rs35761398	Q63R
MUTATION_c_19C>CC	C19CC
MUTATION_rs7744	rs7744
MUTATION_c_4G>GU	G4 GU
MUTATION_c_-2399C>A	C-2399A
MUTATION_rs75603675	G8V
MUTATION_c_1C>CC	C1CC
MUTATION_c_del32	Delta32
MUTATION_rs714205	rs714205
MUTATION_p_508delF	p_F508del
MUTATION_c_1CC>CCC	CC1CCC
MUTATION_c_2C>CCC	C2CCC
MUTATION_c_2020T>ACT	The 2020 Act
MUTATION_p_0delR	R0 del
MUTATION_rs121434568	L858R
MUTATION_rs13447447	rs13447447
MUTATION_rs143936283	rs143936283
MUTATION_rs1799752	rs1799752
MUTATION_rs4340	rs4340
MUTATION_rs73635825	rs73635825
MUTATION_rs738409	p_I148M
MUTATION_rs1028530418	V20L
MUTATION_p_L235A	L235A
MUTATION_p_R05010I	R05010I
MUTATION_c_22928del	22928del
MUTATION_p_F456fsX	p_F456fs
MUTATION_2520INSA	2520INSA
MUTATION_ALT > AST	ALT > AST
MUTATION_p_Y455F	Y455F
MUTATION_rs143936283	E329G
MUTATION_rs73635825	S19P
MUTATION_rs12252	rs12252
MUTATION_c_1075A>G	A1075G
MUTATION_rs1403543	rs1403543
MUTATION_rs1514282	rs1514282
MUTATION_rs1514283	rs1514283
MUTATION_rs2048683	rs2048683
MUTATION_rs233575	rs233575
MUTATION_rs4240157	rs4240157
MUTATION_rs4646156	rs4646156
MUTATION_rs4646188	rs4646188
MUTATION_rs5194	rs5194
MUTATION_rs56204867	rs56204867
MUTATION_rs6632677	rs6632677
MUTATION_rs2285666	G8790A
MUTATION_rs2158083	rs2158083
MUTATION_rs4646174	rs4646174
MUTATION_c_1G>GU	G1 GU
MUTATION_c_868C>T	C868T
MUTATION_g_23403A>G	23403A>G
MUTATION_g_28144T>C	28144T>C
MUTATION_g_8782C>T	8782C>T
MUTATION_p_V553L	V553L
MUTATION_rs4646116	K26R
MUTATION_p_S559A	S559A
MUTATION_p_S592A	S592A
MUTATION_p_D614G	D614 G
MUTATION_p_R559K	R559K
MUTATION_p_L234A	L234A
MUTATION_p_L234F	L234F
MUTATION_p_L235E	L235E
MUTATION_p_P331S	P331S
MUTATION_c_031A>G	A031G
MUTATION_p_F480L	F480L
MUTATION_p_V557L	V557L
MUTATION_SS1000	SS1000
MUTATION_c_829A>T	A829T
MUTATION_c_del62	Delta62
MUTATION_p_A930V	Ala930Val
MUTATION_p_D1962V	D1962V
MUTATION_p_D614G	p_D614G
MUTATION_p_L1375F	L1375F
MUTATION_rs1230071202	29095C>T
MUTATION_rs429358	rs429358
MUTATION_rs738409	rs738409
MUTATION_rs7412	rs7412
MUTATION_rs1805128	p_Asp85Asn
MUTATION_c_-20TBS>T	-20 (TBS-T)
MUTATION_p_D624G	D624G
MUTATION_p_N345S	Asparagine to Serine in position 345
MUTATION_g_6446G>A	G6446A
MUTATION_p_D614G	D614G
MUTATION_c_51G>C	G51C
MUTATION_rs1799963	G20210A
MUTATION_rs1801131	A1298C
MUTATION_rs764661406	H195Y/X
MUTATION_rs7380824	p_R293Q
MUTATION_p_G146P	G146P
MUTATION_p_G149P	G149P
MUTATION_p_M82T	M82T
MUTATION_p_Y41A	Y41A
MUTATION_c_40TC>C	TC 40 C
MUTATION_p_V08H	V08H
MUTATION_p_N155A	N155A
MUTATION_p_N166A	N166A
MUTATION_p_N236A	N236A
MUTATION_p_F572T	F572T
MUTATION_p_Q560L	Q560L
MUTATION_p_S570A	S570A
MUTATION_p_S575A	S575A
MUTATION_c_1AT>A	AT1A
MUTATION_c_22281_22289del	22281_22289del
MUTATION_c_22303T>A_G	22303T>A/G
MUTATION_c_24268del	24268del
MUTATION_g_22104G>T	22104G>T
MUTATION_g_22277C>A	22277C>A
MUTATION_g_22323C>T	22323C>T
MUTATION_g_22935A>G	22935A>G
MUTATION_g_23405G>C	23405G>C
MUTATION_g_23816C>T	23816C>T
MUTATION_g_23934C>T	23934C>T
MUTATION_g_23952T>G	23952T>G
MUTATION_g_23996C>T	23996C>T
MUTATION_g_24011T>C	24011T>C
MUTATION_g_24378C>T	24378C>T
MUTATION_g_24381C>T	24381C>T
MUTATION_g_24383A>G	24383A>G
MUTATION_g_24389A>C	24389A>C
MUTATION_g_24390G>C	24390G>C
MUTATION_g_25123T>A	25123T>A
MUTATION_g_25131C>G	25131C>G
MUTATION_g_25414T>C	25414T>C
MUTATION_g_26530A>G	26530A>G
MUTATION_g_28409C>T	28409C>T
MUTATION_g_28739G>T	28739G>T
MUTATION_g_29239G>T	29239G>T
MUTATION_g_29253C>T	29253C>T
MUTATION_g_29366C>T	29366C>T
MUTATION_g_29383G>T	29383G>T
MUTATION_g_29392G>T	29392G>T
MUTATION_g_29405G>C	29405G>C
MUTATION_p_241_243delA	p_L241_A243del
MUTATION_p_A1190G	p_A1190G
MUTATION_p_A156S	p_A156S
MUTATION_p_D3G	p_D3G
MUTATION_p_E378Q	p_E378Q
MUTATION_p_F797C	p_F797C
MUTATION_p_F817L	p_F817L
MUTATION_p_F8L	p_F8L
MUTATION_p_G181V	p_G181V
MUTATION_p_K370N	p_K370N
MUTATION_p_K373N	p_K373N
MUTATION_p_K458R	p_K458R
MUTATION_p_L752F	p_L752F
MUTATION_p_M322I	p_M322I
MUTATION_p_M902fsX	p_M902fs
MUTATION_p_N1187K	p_N1187K
MUTATION_p_P365S	p_P365S
MUTATION_p_P46S	p_P46S
MUTATION_p_P812S	p_P812S
MUTATION_p_Q239K	p_Q239K
MUTATION_p_S247R	p_S247R
MUTATION_p_S254F	p_S254F
MUTATION_p_S327L	p_S327L
MUTATION_p_S939F	p_S939F
MUTATION_p_S940F	p_S940F
MUTATION_p_S943R	p_S943R
MUTATION_p_S943T	p_S943T
MUTATION_p_T791I	p_T791I
MUTATION_p_T941A	p_T941A
MUTATION_p_V615L	p_V615L
MUTATION_c_145C>A	C145A
MUTATION_c_1AT>A	AT1 by A
MUTATION_c_251C>T	C251T
MUTATION_g_14408C>T	14408C>T
MUTATION_g_16975G>T	G16975T
MUTATION_g_29711G>T	G29711T
MUTATION_g_3435T>C	3435T>C
MUTATION_g_8517T>C	T8517C
MUTATION_p_F467L	F467L
MUTATION_p_F476L	F476L
MUTATION_p_K31R	K31R
MUTATION_p_L1061P	L1061P
MUTATION_p_M0492S	M0492S
MUTATION_p_N714K	N714K
MUTATION_p_Q402E	glutamine residue at Glu-402
MUTATION_p_R642M	R642M
MUTATION_p_S6A	S6 A
MUTATION_p_S84L	S84L
MUTATION_p_V1060P	V1060P
MUTATION_p_Y83H	Y83H
MUTATION_rs1003253923	C23185T
MUTATION_rs1045642	rs1045642
MUTATION_rs11385942	rs11385942
MUTATION_rs12329760	V160M
MUTATION_rs183135788	N638S
MUTATION_rs41303171	N720D
MUTATION_rs657152	rs657152
MUTATION_rs758278442	rs758278442
MUTATION_rs759134032	rs759134032
MUTATION_rs763395248	T92I
MUTATION_rs763395248	rs763395248
MUTATION_p_M184V	M184V
MUTATION_p_L8V	L8V
MUTATION_p_Q239K	Q239 K
MUTATION_p_Q57H	Q57 H
MUTATION_p_Q675H	Q675H
MUTATION_p_A59S	A59 S
MUTATION_p_K3A	3 lysine residues are replaced with alanine
MUTATION_p_Q57H	Q57H
MUTATION_c_1CT>A	CT 1A
MUTATION_p_S578Y	S578Y
MUTATION_rs1064651	D409H
MUTATION_rs779958429	p_D443H
MUTATION_rs121913059	R1210C
MUTATION_rs75527207	G551D
MUTATION_p_T579N	T579N
MUTATION_p_A32D	A32D
MUTATION_p_N501T	N501T
MUTATION_p_S5H	S5H
MUTATION_p_S5I	S5I
MUTATION_p_S5L	S5L
MUTATION_p_T49I	T49I
MUTATION_rs11322783	rs11322783
MUTATION_rs368234815	rs368234815
MUTATION_p_H34N	p_H34N
MUTATION_rs1028530418	c_58 G>C
MUTATION_rs1057517815	c_245-8A>G
MUTATION_p_A339Q	A339Q
MUTATION_p_D265A	D265A
MUTATION_p_E233P	E233P
MUTATION_p_F243L	F243L
MUTATION_p_I332E	I332E
MUTATION_p_L235V	L235V
MUTATION_p_L309V	L309V
MUTATION_p_N297A	N297A
MUTATION_p_P247I	P247I
MUTATION_p_R292P	R292P
MUTATION_p_R409K	R409K
MUTATION_p_S239D	S239D
MUTATION_p_Y300L	Y300L
MUTATION_rs749717373	P396L
MUTATION_rs755807976	F234V
MUTATION_p_S197P	S197P
MUTATION_p_K31A	K31A
MUTATION_p_K353A	K353A
MUTATION_rs12329760	Met160Val
MUTATION_p_M694V	M694V
MUTATION_rs113488022	BRAFV600E
MUTATION_c_1717+1G>A	1717+1G>A
MUTATION_rs80034486	N1303K
MUTATION_c_2C>CC	C2CC
MUTATION_c_-2020dup	-2020[2020-03-02]/ [2020-03-05]
MUTATION_c_17del	17p del
MUTATION_c_delG	DeltaG
MUTATION_g_17747C>T	C17747T
MUTATION_g_17858A>G	A17858G
MUTATION_g_18060C>T	C18060T
MUTATION_g_23403A>G	23403A > G
MUTATION_g_28144T>C	T28144C
MUTATION_g_28881G>A	28881G>A
MUTATION_g_28882G>A	28882G>A
MUTATION_g_28883G>C	28883G>C
MUTATION_g_3037C>T	3037C>T
MUTATION_p_A1168V	A1168V
MUTATION_p_A520S	A520S
MUTATION_p_C122I	C 122 I
MUTATION_p_D1168H	D1168H
MUTATION_p_E_R_K_R257_272_273__274D	Glu 257_ Arg 272_ Lys 273_ Arg 274_ Asp
MUTATION_p_G_Y446_449Y	Gly 446_ Tyr 449_ Tyr
MUTATION_p_G09621D	G09621D
MUTATION_p_G251V	G251V
MUTATION_p_G476S	G476S
MUTATION_p_H49Y	H49Y
MUTATION_p_H519Q	H519Q
MUTATION_p_K_T290_341Y	Lys 290_ Thr 341_ Tyr
MUTATION_p_K986P	K986P
MUTATION_p_L84S	L84S
MUTATION_p_N_Y501_449Y	Asn 501_ Tyr 449_ Tyr
MUTATION_p_N487Y	Asn 487_ Tyr
MUTATION_p_P4503A	P4503A
MUTATION_p_P621C	P621C
MUTATION_p_P630C	P630C
MUTATION_p_Q_N498_487Y	Gln 498_ Asn 487_ Tyr
MUTATION_p_Q239K	Q239K
MUTATION_p_R203W	R203W
MUTATION_p_R319F	Arg 319 to Phe
MUTATION_p_R408I	R408I
MUTATION_p_S168411822030075X	S168411822030075X
MUTATION_p_S23T	S23T
MUTATION_p_S5C	S5C
MUTATION_p_S5D	S5D
MUTATION_p_S943P	S943P
MUTATION_p_V367F	V367F
MUTATION_p_V483A	V483A
MUTATION_p_V987P	V987P
MUTATION_rs1172847306	24351C > T
MUTATION_rs1172847306	A930V
MUTATION_rs121913530	p_G12C
MUTATION_rs1265192735	C8782T
MUTATION_rs1298137618	C9924T
MUTATION_rs6025	rs6025
MUTATION_rs63750646	G384A
MUTATION_rs8134378	rs8134378
MUTATION_p_K479N	K479N
MUTATION_p_S487T	S487T
MUTATION_p_R01356X	R01356X
MUTATION_c_1CT>A	CT1A
MUTATION_c_644G>A	c_G644A
MUTATION_p_G215E	p_G215E
MUTATION_p_L01615X	L01615X
MUTATION_rs1805128	rs1805128
MUTATION_rs7626962	S1103Y
MUTATION_rs7626962	rs7626962
MUTATION_g_11083G>T	G11083T
MUTATION_p_L3606F	L3606F
MUTATION_rs73885319	rs73885319
MUTATION_rs738409	p_ I148M
MUTATION_p_K19X	K19X
MUTATION_rs2282430	rs2282430
MUTATION_p_S002604950900225X	S002604950900225X
MUTATION_c_1729C>A	C1729A
MUTATION_p_D1901A	D1901A
MUTATION_p_H1888A	H1888A
MUTATION_p_N153S	p_N153S
MUTATION_rs495828	rs495828
MUTATION_rs8176746	rs8176746
MUTATION_c_09C>A	C09A
MUTATION_rs2228145	Asp(358)Ala
MUTATION_p_L328F	L328F
MUTATION_p_S267E	S267E
MUTATION_c_23531A>T_C	A23531 T/C
MUTATION_g_23537T>G	T23537 G
MUTATION_p_M1058L	M1058 L
MUTATION_p_S1060A	S1060A
MUTATION_rs4646116	rs4646116
MUTATION_rs7380824	R293Q
MUTATION_p_A400M	A400M
MUTATION_p_R10H	R10H
MUTATION_c_del	DELTA
MUTATION_p_L443_456F	L443   F456
MUTATION_p_L460_473F	L460   F473
MUTATION_p_L472_486F	L472   F486
MUTATION_p_S2018A	S 2018 A
MUTATION_rs12627374	rs12627374
MUTATION_rs1800629	- 308 G/A
MUTATION_rs201866563	p_C192Y
MUTATION_rs34637584	G2019S
MUTATION_rs759473511	p_Q320RfsX25
MUTATION_rs875393	rs875393
MUTATION_rs1262893315	A1C
MUTATION_p_M0212L	M0212L
MUTATION_p_M0293S	M0293S
MUTATION_p_N0447L	N0447L
MUTATION_g_14805C>T	C14805T
MUTATION_p_P1427L	P1427L
MUTATION_p_P314L	P314L
MUTATION_p_P314L_O	P314L_O
MUTATION_p_S202N	S202N
MUTATION_p_T265I	T265I
MUTATION_p_V378I	V378I
MUTATION_p_V94I	V94I
MUTATION_rs1800796	-572C/G
MUTATION_p_S329D	S329D
MUTATION_c_3A>C	A3C
MUTATION_p_V05H	V05H
MUTATION_p_D190A	D190A
MUTATION_p_D190E	D190E
MUTATION_p_D190H	D190H
MUTATION_p_D190L	D190L
MUTATION_p_D190N	D190N
MUTATION_rs1799983	G894T
MUTATION_c_2737T>A	T2737A
MUTATION_c_del12	Delta12
MUTATION_g_13975G>A	G13975A
MUTATION_g_19524C>T	C19524T
MUTATION_g_22323C>T	C22323T
MUTATION_g_6310C>A	C6310A
MUTATION_p_A1844V	A1844V
MUTATION_p_G196V	G196 V
MUTATION_p_G251V	G251 V
MUTATION_p_N90T	N90T
MUTATION_p_P19N	P19N
MUTATION_p_X22R	X22R
MUTATION_rs1057517815	c_ 245-8A>G
MUTATION_rs1356828811	E64D
MUTATION_p_E627K	E627K
MUTATION_rs5985	V34L
MUTATION_p_S267A	S267/A
MUTATION_rs113488022	V600E
MUTATION_p_M259E	Met-259 > Glu
MUTATION_rs387907272	L265P
MUTATION_rs6003	H95R
MUTATION_p_V600E	V600E
MUTATION_rs121913530	G12C
MUTATION_rs1800629	- 308 A/G
MUTATION_rs1800795	- 174 G/C
MUTATION_rs1800796	- 572 G/C
MUTATION_rs361525	- 238 A/G
MUTATION_p_H1271A	H1271A
MUTATION_p_K1269A	K1269A
MUTATION_c_38TA>C	TA 38 C
MUTATION_c_-20PBS>T	-20_ PBS-T
MUTATION_rs1801133	C677T
MUTATION_c_2T>A	T2A
MUTATION_p_E002E	E002-E
MUTATION_rs1287506807	G93A
MUTATION_c_1A>AC	A1AC
MUTATION_g_20210G>A	G20210A
MUTATION_rs6025	G1691A
MUTATION_rs8176719	rs8176719
MUTATION_g_23422C>T	23422C>T
MUTATION_g_23575C>T	23575C>T
MUTATION_g_23586A>G	23586A>G
MUTATION_g_23611G>A	23611G>A
MUTATION_g_23707C>T	23707C>T
MUTATION_g_23731C>T	23731C>T
MUTATION_g_23849T>C	23849T>C
MUTATION_g_23929C>T	23929C>T
MUTATION_p_L763L	L763L
MUTATION_p_P715P	P715P
MUTATION_p_Q675R	Q675R
MUTATION_p_V620V	V620V
MUTATION_p_Y789Y	Y789Y
MUTATION_rs1216463942	R683R
MUTATION_rs1800629	-308G/A
MUTATION_rs1800630	-863C/A
MUTATION_rs361525	-238G/A
MUTATION_c_-123C>A	-123C>a
MUTATION_p_F276L	F276L
MUTATION_rs2430561	+874 A/T